STT,c',L,gamma,h,u,phi',beta,FS,Nhan
1,78.0,35.0,19.1,8.2,2.8,33.5,16.7,4.25,An toàn
2,55.0,48.0,20.3,12.1,7.5,29.2,22.5,2.11,An toàn
3,28.0,62.0,21.5,15.5,18.9,24.1,31.8,0.95,Co dau hieu
4,12.0,85.0,22.2,18.8,32.5,17.8,39.5,0.48,Nguy co cao
5,63.0,29.0,18.5,6.5,1.5,35.8,12.3,6.12,An toàn
6,41.0,51.0,19.8,9.9,10.2,27.5,26.1,1.58,Co dau hieu
7,19.0,75.0,21.9,17.2,25.6,20.5,37.2,0.69,Nguy co cao
8,71.0,31.0,19.4,7.9,3.1,34.2,18.4,3.88,An toàn
9,33.0,68.0,20.9,14.3,16.5,25.3,33.1,0.88,Co dau hieu
10,8.0,92.0,22.5,20.1,36.2,15.2,44.8,0.33,Nguy co cao
11,68.0,38.0,18.9,9.1,3.5,32.9,19.9,3.51,An toàn
12,49.0,45.0,20.1,11.7,8.9,28.7,24.9,1.89,An toàn
13,35.0,59.0,21.3,14.9,19.8,23.8,32.5,0.92,Co dau hieu
14,15.0,88.0,22.1,19.5,33.1,17.1,40.8,0.45,Nguy co cao
15,65.0,32.0,18.7,7.2,2.1,35.1,14.6,5.27,An toàn
16,45.0,54.0,20.0,10.5,10.9,27.9,25.5,1.73,An toàn
17,22.0,77.0,21.7,16.8,24.9,20.8,36.8,0.72,Nguy co cao
18,75.0,34.0,19.2,8.5,3.8,33.6,17.5,4.05,An toàn
19,31.0,65.0,21.1,14.6,17.2,24.5,32.8,0.9,Co dau hieu
20,10.0,95.0,22.4,19.8,35.8,15.5,44.5,0.35,Nguy co cao
21,72.0,21.0,18.0,4.8,1.0,38.0,10.0,8.04,An toàn
22,50.0,44.0,19.4,9.6,7.2,29.0,21.8,2.05,An toàn
23,41.0,57.0,20.0,10.1,12.2,25.0,27.0,1.48,Co dau hieu
24,20.0,73.0,21.2,14.0,21.5,21.0,34.8,0.82,Co dau hieu
25,77.0,20.0,17.5,4.0,0.2,39.0,8.0,10.32,An toàn
26,35.0,55.0,19.3,9.5,8.9,25.5,28.5,1.46,Co dau hieu
27,8.0,85.0,21.7,17.0,27.0,19.0,37.5,0.62,Nguy co cao
28,69.0,23.0,18.3,5.5,1.5,35.0,11.0,6.89,An toàn
29,27.0,65.0,20.5,12.5,16.0,24.0,30.0,1.02,Co dau hieu
30,2.0,97.0,22.4,20.0,35.0,12.5,45.0,0.18,Nguy co cao
31,70.0,22.0,18.6,5.8,1.8,36.0,11.5,7.26,An toàn
32,53.0,41.0,19.0,9.3,6.8,29.5,20.5,2.25,An toàn
33,44.0,58.0,19.8,10.2,12.5,25.5,27.5,1.54,Co dau hieu
34,23.0,72.0,21.0,14.3,22.0,21.0,34.5,0.85,Co dau hieu
35,67.0,28.0,18.8,6.3,2.3,33.5,14.0,3.92,An toàn
36,33.0,53.0,19.5,9.6,9.1,25.3,28.8,1.44,Co dau hieu
37,9.0,83.0,21.5,17.3,28.0,19.5,39.0,0.58,Nguy co cao
38,65.0,27.0,18.5,6.0,2.0,33.0,13.5,3.75,An toàn
39,29.0,60.0,20.3,12.0,16.5,23.8,29.5,0.99,Co dau hieu
40,1.0,98.0,22.2,19.5,36.0,12.0,44.5,0.16,Nguy co cao
41,79.0,21.0,18.1,4.6,0.9,38.5,9.0,8.81,An toàn
42,54.0,43.0,19.3,9.4,7.5,29.3,21.5,2.32,An toàn
43,49.0,54.0,20.1,10.4,12.8,25.6,26.5,1.64,An toàn
44,28.0,69.0,21.3,14.5,22.5,21.1,35.0,0.89,Co dau hieu
45,75.0,22.0,17.8,4.3,0.5,39.0,8.5,9.8,An toàn
46,37.0,52.0,19.5,9.7,9.3,25.4,29.0,1.41,Co dau hieu
47,11.0,83.0,21.9,17.8,29.5,15.6,40.0,0.47,Nguy co cao
48,68.0,28.0,19.0,6.0,2.0,34.0,13.3,4.1,An toàn
49,30.0,61.0,20.6,12.6,17.0,23.6,30.2,0.96,Co dau hieu
50,4.0,95.0,22.5,20.4,35.5,13.6,45.5,0.26,Nguy co cao
51,66.0,23.0,19.4,5.8,1.8,32.5,13.0,3.76,An toàn
52,55.0,40.0,19.6,9.0,6.0,30.0,20.0,2.38,An toàn
53,50.0,56.0,20.6,10.5,13.0,26.0,27.0,1.67,An toàn
54,32.0,72.0,21.6,14.0,22.0,21.0,36.0,0.92,Co dau hieu
55,73.0,21.0,18.9,5.3,1.3,35.5,11.5,5.98,An toàn
56,42.0,48.0,20.4,9.8,10.0,25.5,29.5,1.36,Co dau hieu
57,18.0,78.0,22.1,17.0,29.0,18.0,41.0,0.59,Nguy co cao
58,69.0,27.0,19.2,6.3,2.3,33.8,13.5,4.03,An toàn
59,25.0,63.0,21.1,13.5,19.0,23.0,33.0,0.84,Co dau hieu
60,6.0,92.0,22.6,20.5,36.0,13.5,46.0,0.24,Nguy co cao
61,77.0,24.0,18.6,5.6,1.6,35.8,12.0,6.35,An toàn
62,58.0,37.0,19.4,8.5,5.5,30.5,18.0,2.61,An toàn
63,48.0,57.0,20.5,10.8,13.5,25.5,27.5,1.56,Co dau hieu
64,22.0,74.0,21.7,15.5,26.0,20.0,37.0,0.74,Nguy co cao
65,65.0,29.0,19.3,6.8,2.8,33.2,14.5,3.76,An toàn
66,40.0,50.0,20.7,9.3,9.0,25.0,28.5,1.38,Co dau hieu
67,14.0,82.0,22.1,18.5,31.0,15.5,41.0,0.46,Nguy co cao
68,71.0,25.0,18.8,6.2,2.2,34.2,15.5,4.57,An toàn
69,33.0,61.0,21.1,13.0,18.5,23.2,31.5,0.94,Co dau hieu
70,9.0,93.0,22.7,20.8,37.0,13.2,46.5,0.26,Nguy co cao
71,74.0,20.0,18.3,5.0,1.2,37.0,10.5,7.21,An toàn
72,52.0,42.0,19.5,9.5,7.0,29.5,21.0,2.17,An toàn
73,43.0,59.0,20.4,10.3,12.5,25.8,27.2,1.51,Co dau hieu
74,26.0,68.0,21.4,13.5,21.0,21.5,34.5,0.87,Co dau hieu
75,76.0,19.0,18.0,4.5,0.8,38.0,9.5,8.12,An toàn
76,36.0,53.0,19.8,9.8,9.5,25.3,29.2,1.42,Co dau hieu
77,16.0,79.0,21.9,17.5,28.0,19.5,39.5,0.55,Nguy co cao
78,67.0,27.0,19.1,6.1,2.1,33.9,13.8,3.96,An toàn
79,29.0,64.0,20.9,12.8,17.5,23.8,30.5,0.95,Co dau hieu
80,7.0,91.0,22.4,20.3,34.0,13.8,45.5,0.27,Nguy co cao
81,73.0,23.0,18.4,5.2,1.4,36.5,11.8,6.19,An toàn
82,56.0,41.0,19.2,9.2,6.5,29.8,20.5,2.48,An toàn
83,46.0,55.0,20.3,10.6,13.0,25.3,26.8,1.61,Co dau hieu
84,24.0,70.0,21.5,15.0,23.0,21.3,35.5,0.84,Co dau hieu
85,71.0,25.0,18.2,4.8,1.0,37.5,10.0,7.65,An toàn
86,39.0,51.0,19.6,9.6,9.2,25.6,29.0,1.4,Co dau hieu
87,13.0,81.0,22.0,18.0,30.5,15.3,40.5,0.49,Nguy co cao
88,70.0,26.0,18.9,5.9,1.9,34.1,13.0,4.39,An toàn
89,31.0,60.0,20.8,12.3,16.5,23.9,30.0,0.97,Co dau hieu
90,5.0,94.0,22.6,20.6,37.0,13.3,46.0,0.25,Nguy co cao
91,79.0,21.0,18.1,4.6,0.9,38.5,9.0,8.81,An toàn
92,54.0,43.0,19.3,9.4,7.5,29.3,21.5,2.32,An toàn
93,49.0,54.0,20.1,10.4,12.8,25.6,26.5,1.64,An toàn
94,28.0,69.0,21.3,14.5,22.5,21.1,35.0,0.89,Co dau hieu
95,75.0,22.0,17.8,4.3,0.5,39.0,8.5,9.8,An toàn
96,37.0,52.0,19.5,9.7,9.3,25.4,29.0,1.41,Co dau hieu
97,11.0,83.0,21.9,17.8,29.5,15.6,40.0,0.47,Nguy co cao
98,68.0,28.0,19.0,6.0,2.0,34.0,13.3,4.1,An toàn
99,30.0,61.0,20.6,12.6,17.0,23.6,30.2,0.96,Co dau hieu
100,4.0,95.0,22.5,20.4,35.5,13.6,45.5,0.26,Nguy co cao
101,72.0,24.0,18.2,5.1,1.3,37.0,11.3,6.76,An toàn
102,57.0,40.0,19.1,9.1,6.2,29.6,20.2,2.55,An toàn
103,47.0,56.0,20.2,10.5,12.9,25.4,26.6,1.62,Co dau hieu
104,25.0,71.0,21.4,14.8,22.8,21.2,35.2,0.86,Co dau hieu
105,66.0,30.0,19.4,7.0,3.0,32.5,15.5,3.36,An toàn
106,34.0,54.0,20.5,10.0,11.5,24.8,29.8,1.21,Co dau hieu
107,10.0,84.0,22.0,18.0,30.0,15.8,40.5,0.44,Nguy co cao
108,64.0,29.0,19.2,6.5,2.5,33.0,14.5,3.62,An toàn
109,32.0,62.0,20.8,12.5,17.5,23.4,30.8,0.93,Co dau hieu
110,3.0,96.0,22.7,20.8,37.5,13.1,46.5,0.23,Nguy co cao
111,72.0,21.0,18.0,4.8,1.0,38.0,10.0,8.04,An toàn
112,50.0,44.0,19.4,9.6,7.2,29.0,21.8,2.05,An toàn
113,41.0,57.0,20.0,10.1,12.2,25.0,27.0,1.48,Co dau hieu
114,20.0,73.0,21.2,14.0,21.5,21.0,34.8,0.82,Co dau hieu
115,77.0,20.0,17.5,4.0,0.2,39.0,8.0,10.32,An toàn
116,35.0,55.0,19.3,9.5,8.9,25.5,28.5,1.46,Co dau hieu
117,8.0,85.0,21.7,17.0,27.0,19.0,37.5,0.62,Nguy co cao
118,69.0,23.0,18.3,5.5,1.5,35.0,11.0,6.89,An toàn
119,27.0,65.0,20.5,12.5,16.0,24.0,30.0,1.02,Co dau hieu
120,2.0,97.0,22.4,20.0,35.0,12.5,45.0,0.18,Nguy co cao
121,70.0,22.0,18.6,5.8,1.8,36.0,11.5,7.26,An toàn
122,53.0,41.0,19.0,9.3,6.8,29.5,20.5,2.25,An toàn
123,44.0,58.0,19.8,10.2,12.5,25.5,27.5,1.54,Co dau hieu
124,23.0,72.0,21.0,14.3,22.0,21.0,34.5,0.85,Co dau hieu
125,67.0,28.0,18.8,6.3,2.3,33.5,14.0,3.92,An toàn
126,33.0,53.0,19.5,9.6,9.1,25.3,28.8,1.44,Co dau hieu
127,9.0,83.0,21.5,17.3,28.0,19.5,39.0,0.58,Nguy co cao
128,65.0,27.0,18.5,6.0,2.0,33.0,13.5,3.75,An toàn
129,29.0,60.0,20.3,12.0,16.5,23.8,29.5,0.99,Co dau hieu
130,1.0,98.0,22.2,19.5,36.0,12.0,44.5,0.16,Nguy co cao
131,74.0,23.0,18.4,5.2,1.4,36.5,11.8,6.19,An toàn
132,56.0,41.0,19.2,9.2,6.5,29.8,20.5,2.48,An toàn
133,46.0,55.0,20.3,10.6,13.0,25.3,26.8,1.61,Co dau hieu
134,24.0,70.0,21.5,15.0,23.0,21.3,35.5,0.84,Co dau hieu
135,71.0,25.0,18.2,4.8,1.0,37.5,10.0,7.65,An toàn
136,39.0,51.0,19.6,9.6,9.2,25.6,29.0,1.4,Co dau hieu
137,13.0,81.0,22.0,18.0,30.5,15.3,40.5,0.49,Nguy co cao
138,70.0,26.0,18.9,5.9,1.9,34.1,13.0,4.39,An toàn
139,31.0,60.0,20.8,12.3,16.5,23.9,30.0,0.97,Co dau hieu
140,5.0,94.0,22.6,20.6,37.0,13.3,46.0,0.25,Nguy co cao
141,77.0,21.0,18.1,4.6,0.9,38.5,9.0,8.81,An toàn
142,54.0,43.0,19.3,9.4,7.5,29.3,21.5,2.32,An toàn
143,49.0,54.0,20.1,10.4,12.8,25.6,26.5,1.64,An toàn
144,28.0,69.0,21.3,14.5,22.5,21.1,35.0,0.89,Co dau hieu
145,75.0,22.0,17.8,4.3,0.5,39.0,8.5,9.8,An toàn
146,37.0,52.0,19.5,9.7,9.3,25.4,29.0,1.41,Co dau hieu
147,11.0,83.0,21.9,17.8,29.5,15.6,40.0,0.47,Nguy co cao
148,68.0,28.0,19.0,6.0,2.0,34.0,13.3,4.1,An toàn
149,30.0,61.0,20.6,12.6,17.0,23.6,30.2,0.96,Co dau hieu
150,4.0,95.0,22.5,20.4,35.5,13.6,45.5,0.26,Nguy co cao
151,72.0,24.0,18.2,5.1,1.3,37.0,11.3,6.76,An toàn
152,57.0,40.0,19.1,9.1,6.2,29.6,20.2,2.55,An toàn
153,47.0,56.0,20.2,10.5,12.9,25.4,26.6,1.62,Co dau hieu
154,25.0,71.0,21.4,14.8,22.8,21.2,35.2,0.86,Co dau hieu
155,66.0,30.0,19.4,7.0,3.0,32.5,15.5,3.36,An toàn
156,34.0,54.0,20.5,10.0,11.5,24.8,29.8,1.21,Co dau hieu
157,10.0,84.0,22.0,18.0,30.0,15.8,40.5,0.44,Nguy co cao
158,64.0,29.0,19.2,6.5,2.5,33.0,14.5,3.62,An toàn
159,32.0,62.0,20.8,12.5,17.5,23.4,30.8,0.93,Co dau hieu
160,3.0,96.0,22.7,20.8,37.5,13.1,46.5,0.23,Nguy co cao
161,72.0,21.0,18.0,4.8,1.0,38.0,10.0,8.04,An toàn
162,50.0,44.0,19.4,9.6,7.2,29.0,21.8,2.05,An toàn
163,41.0,57.0,20.0,10.1,12.2,25.0,27.0,1.48,Co dau hieu
164,20.0,73.0,21.2,14.0,21.5,21.0,34.8,0.82,Co dau hieu
165,77.0,20.0,17.5,4.0,0.2,39.0,8.0,10.32,An toàn
166,35.0,55.0,19.3,9.5,8.9,25.5,28.5,1.46,Co dau hieu
167,8.0,85.0,21.7,17.0,27.0,19.0,37.5,0.62,Nguy co cao
168,69.0,23.0,18.3,5.5,1.5,35.0,11.0,6.89,An toàn
169,27.0,65.0,20.5,12.5,16.0,24.0,30.0,1.02,Co dau hieu
170,2.0,97.0,22.4,20.0,35.0,12.5,45.0,0.18,Nguy co cao
171,70.0,22.0,18.6,5.8,1.8,36.0,11.5,7.26,An toàn
172,53.0,41.0,19.0,9.3,6.8,29.5,20.5,2.25,An toàn
173,44.0,58.0,19.8,10.2,12.5,25.5,27.5,1.54,Co dau hieu
174,23.0,72.0,21.0,14.3,22.0,21.0,34.5,0.85,Co dau hieu
175,67.0,28.0,18.8,6.3,2.3,33.5,14.0,3.92,An toàn
176,33.0,53.0,19.5,9.6,9.1,25.3,28.8,1.44,Co dau hieu
177,9.0,83.0,21.5,17.3,28.0,19.5,39.0,0.58,Nguy co cao
178,65.0,27.0,18.5,6.0,2.0,33.0,13.5,3.75,An toàn
179,29.0,60.0,20.3,12.0,16.5,23.8,29.5,0.99,Co dau hieu
180,1.0,98.0,22.2,19.5,36.0,12.0,44.5,0.16,Nguy co cao
181,73.0,23.0,18.4,5.2,1.4,36.5,11.8,6.19,An toàn
182,56.0,41.0,19.2,9.2,6.5,29.8,20.5,2.48,An toàn
183,46.0,55.0,20.3,10.6,13.0,25.3,26.8,1.61,Co dau hieu
184,24.0,70.0,21.5,15.0,23.0,21.3,35.5,0.84,Co dau hieu
185,71.0,25.0,18.2,4.8,1.0,37.5,10.0,7.65,An toàn
186,39.0,51.0,19.6,9.6,9.2,25.6,29.0,1.4,Co dau hieu
187,13.0,81.0,22.0,18.0,30.5,15.3,40.5,0.49,Nguy co cao
188,70.0,26.0,18.9,5.9,1.9,34.1,13.0,4.39,An toàn
189,31.0,60.0,20.8,12.3,16.5,23.9,30.0,0.97,Co dau hieu
190,5.0,94.0,22.6,20.6,37.0,13.3,46.0,0.25,Nguy co cao
191,79.0,21.0,18.1,4.6,0.9,38.5,9.0,8.81,An toàn
192,54.0,43.0,19.3,9.4,7.5,29.3,21.5,2.32,An toàn
193,49.0,54.0,20.1,10.4,12.8,25.6,26.5,1.64,An toàn
194,28.0,69.0,21.3,14.5,22.5,21.1,35.0,0.89,Co dau hieu
195,75.0,22.0,17.8,4.3,0.5,39.0,8.5,9.8,An toàn
196,37.0,52.0,19.5,9.7,9.3,25.4,29.0,1.41,Co dau hieu
197,11.0,83.0,21.9,17.8,29.5,15.6,40.0,0.47,Nguy co cao
198,68.0,28.0,19.0,6.0,2.0,34.0,13.3,4.1,An toàn
199,30.0,61.0,20.6,12.6,17.0,23.6,30.2,0.96,Co dau hieu
200,4.0,95.0,22.5,20.4,35.5,13.6,45.5,0.26,Nguy co cao
201,72.0,24.0,18.2,5.1,1.3,37.0,11.3,6.76,An toàn
202,57.0,40.0,19.1,9.1,6.2,29.6,20.2,2.55,An toàn
203,47.0,56.0,20.2,10.5,12.9,25.4,26.6,1.62,Co dau hieu
204,25.0,71.0,21.4,14.8,22.8,21.2,35.2,0.86,Co dau hieu
205,66.0,30.0,19.4,7.0,3.0,32.5,15.5,3.36,An toàn
206,34.0,54.0,20.5,10.0,11.5,24.8,29.8,1.21,Co dau hieu
207,10.0,84.0,22.0,18.0,30.0,15.8,40.5,0.44,Nguy co cao
208,64.0,29.0,19.2,6.5,2.5,33.0,14.5,3.62,An toàn
209,32.0,62.0,20.8,12.5,17.5,23.4,30.8,0.93,Co dau hieu
210,3.0,96.0,22.7,20.8,37.5,13.1,46.5,0.23,Nguy co cao
211,72.0,21.0,18.0,4.8,1.0,38.0,10.0,8.04,An toàn
212,50.0,44.0,19.4,9.6,7.2,29.0,21.8,2.05,An toàn
213,41.0,57.0,20.0,10.1,12.2,25.0,27.0,1.48,Co dau hieu
214,20.0,73.0,21.2,14.0,21.5,21.0,34.8,0.82,Co dau hieu
215,77.0,20.0,17.5,4.0,0.2,39.0,8.0,10.32,An toàn
216,35.0,55.0,19.3,9.5,8.9,25.5,28.5,1.46,Co dau hieu
217,8.0,85.0,21.7,17.0,27.0,19.0,37.5,0.62,Nguy co cao
218,69.0,23.0,18.3,5.5,1.5,35.0,11.0,6.89,An toàn
219,27.0,65.0,20.5,12.5,16.0,24.0,30.0,1.02,Co dau hieu
220,2.0,97.0,22.4,20.0,35.0,12.5,45.0,0.18,Nguy co cao
221,70.0,22.0,18.6,5.8,1.8,36.0,11.5,7.26,An toàn
222,53.0,41.0,19.0,9.3,6.8,29.5,20.5,2.25,An toàn
223,44.0,58.0,19.8,10.2,12.5,25.5,27.5,1.54,Co dau hieu
224,23.0,72.0,21.0,14.3,22.0,21.0,34.5,0.85,Co dau hieu
225,67.0,28.0,18.8,6.3,2.3,33.5,14.0,3.92,An toàn
226,33.0,53.0,19.5,9.6,9.1,25.3,28.8,1.44,Co dau hieu
227,9.0,83.0,21.5,17.3,28.0,19.5,39.0,0.58,Nguy co cao
228,65.0,27.0,18.5,6.0,2.0,33.0,13.5,3.75,An toàn
229,29.0,60.0,20.3,12.0,16.5,23.8,29.5,0.99,Co dau hieu
230,1.0,98.0,22.2,19.5,36.0,12.0,44.5,0.16,Nguy co cao
231,71.0,25.0,18.2,4.8,1.0,37.5,10.0,7.65,An toàn
232,56.0,41.0,19.2,9.2,6.5,29.8,20.5,2.48,An toàn
233,46.0,55.0,20.3,10.6,13.0,25.3,26.8,1.61,Co dau hieu
234,24.0,70.0,21.5,15.0,23.0,21.3,35.5,0.84,Co dau hieu
235,70.0,26.0,18.9,5.9,1.9,34.1,13.0,4.39,An toàn
236,31.0,60.0,20.8,12.3,16.5,23.9,30.0,0.97,Co dau hieu
237,5.0,94.0,22.6,20.6,37.0,13.3,46.0,0.25,Nguy co cao
238,79.0,21.0,18.1,4.6,0.9,38.5,9.0,8.81,An toàn
239,54.0,43.0,19.3,9.4,7.5,29.3,21.5,2.32,An toàn
240,49.0,54.0,20.1,10.4,12.8,25.6,26.5,1.64,An toàn
241,28.0,69.0,21.3,14.5,22.5,21.1,35.0,0.89,Co dau hieu
242,75.0,22.0,17.8,4.3,0.5,39.0,8.5,9.8,An toàn
243,37.0,52.0,19.5,9.7,9.3,25.4,29.0,1.41,Co dau hieu
244,11.0,83.0,21.9,17.8,29.5,15.6,40.0,0.47,Nguy co cao
245,68.0,28.0,19.0,6.0,2.0,34.0,13.3,4.1,An toàn
246,30.0,61.0,20.6,12.6,17.0,23.6,30.2,0.96,Co dau hieu
247,4.0,95.0,22.5,20.4,35.5,13.6,45.5,0.26,Nguy co cao
248,66.0,23.0,19.4,5.8,1.8,32.5,13.0,3.76,An toàn
249,55.0,40.0,19.6,9.0,6.0,30.0,20.0,2.38,An toàn
250,50.0,56.0,20.6,10.5,13.0,26.0,27.0,1.67,An toàn
251,32.0,72.0,21.6,14.0,22.0,21.0,36.0,0.92,Co dau hieu
252,73.0,21.0,18.9,5.3,1.3,35.5,11.5,5.98,An toàn
253,42.0,48.0,20.4,9.8,10.0,25.5,29.5,1.36,Co dau hieu
254,18.0,78.0,22.1,17.0,29.0,18.0,41.0,0.59,Nguy co cao
255,69.0,27.0,19.2,6.3,2.3,33.8,13.5,4.03,An toàn
256,25.0,63.0,21.1,13.5,19.0,23.0,33.0,0.84,Co dau hieu
257,6.0,92.0,22.6,20.5,36.0,13.5,46.0,0.24,Nguy co cao
258,77.0,24.0,18.6,5.6,1.6,35.8,12.0,6.35,An toàn
259,58.0,37.0,19.4,8.5,5.5,30.5,18.0,2.61,An toàn
260,48.0,57.0,20.5,10.8,13.5,25.5,27.5,1.56,Co dau hieu
261,22.0,74.0,21.7,15.5,26.0,20.0,37.0,0.74,Nguy co cao
262,65.0,29.0,19.3,6.8,2.8,33.2,14.5,3.76,An toàn
263,40.0,50.0,20.7,9.3,9.0,25.0,28.5,1.38,Co dau hieu
264,14.0,82.0,22.1,18.5,31.0,15.5,41.0,0.46,Nguy co cao
265,71.0,25.0,18.8,6.2,2.2,34.2,15.5,4.57,An toàn
266,33.0,61.0,21.1,13.0,18.5,23.2,31.5,0.94,Co dau hieu
267,9.0,93.0,22.7,20.8,37.0,13.2,46.5,0.26,Nguy co cao
268,74.0,20.0,18.3,5.0,1.2,37.0,10.5,7.21,An toàn
269,52.0,42.0,19.5,9.5,7.0,29.5,21.0,2.17,An toàn
270,43.0,59.0,20.4,10.3,12.5,25.8,27.2,1.51,Co dau hieu
271,26.0,68.0,21.4,13.5,21.0,21.5,34.5,0.87,Co dau hieu
272,76.0,19.0,18.0,4.5,0.8,38.0,9.5,8.12,An toàn
273,36.0,53.0,19.8,9.8,9.5,25.3,29.2,1.42,Co dau hieu
274,16.0,79.0,21.9,17.5,28.0,19.5,39.5,0.55,Nguy co cao
275,67.0,27.0,19.1,6.1,2.1,33.9,13.8,3.96,An toàn
276,29.0,64.0,20.9,12.8,17.5,23.8,30.5,0.95,Co dau hieu
277,7.0,91.0,22.4,20.3,34.0,13.8,45.5,0.27,Nguy co cao
278,73.0,23.0,18.4,5.2,1.4,36.5,11.8,6.19,An toàn
279,56.0,41.0,19.2,9.2,6.5,29.8,20.5,2.48,An toàn
280,46.0,55.0,20.3,10.6,13.0,25.3,26.8,1.61,Co dau hieu
281,24.0,70.0,21.5,15.0,23.0,21.3,35.5,0.84,Co dau hieu
282,71.0,25.0,18.2,4.8,1.0,37.5,10.0,7.65,An toàn
283,39.0,51.0,19.6,9.6,9.2,25.6,29.0,1.4,Co dau hieu
284,13.0,81.0,22.0,18.0,30.5,15.3,40.5,0.49,Nguy co cao
285,70.0,26.0,18.9,5.9,1.9,34.1,13.0,4.39,An toàn
286,31.0,60.0,20.8,12.3,16.5,23.9,30.0,0.97,Co dau hieu
287,5.0,94.0,22.6,20.6,37.0,13.3,46.0,0.25,Nguy co cao
288,79.0,21.0,18.1,4.6,0.9,38.5,9.0,8.81,An toàn
289,54.0,43.0,19.3,9.4,7.5,29.3,21.5,2.32,An toàn
290,49.0,54.0,20.1,10.4,12.8,25.6,26.5,1.64,An toàn
291,28.0,69.0,21.3,14.5,22.5,21.1,35.0,0.89,Co dau hieu
292,75.0,22.0,17.8,4.3,0.5,39.0,8.5,9.8,An toàn
293,37.0,52.0,19.5,9.7,9.3,25.4,29.0,1.41,Co dau hieu
294,11.0,83.0,21.9,17.8,29.5,15.6,40.0,0.47,Nguy co cao
295,68.0,28.0,19.0,6.0,2.0,34.0,13.3,4.1,An toàn
296,30.0,61.0,20.6,12.6,17.0,23.6,30.2,0.96,Co dau hieu
297,4.0,95.0,22.5,20.4,35.5,13.6,45.5,0.26,Nguy co cao
298,66.0,23.0,19.4,5.8,1.8,32.5,13.0,3.76,An toàn
299,55.0,40.0,19.6,9.0,6.0,30.0,20.0,2.38,An toàn
300,50.0,56.0,20.6,10.5,13.0,26.0,27.0,1.67,An toàn
301,32.0,72.0,21.6,14.0,22.0,21.0,36.0,0.92,Co dau hieu
302,73.0,21.0,18.9,5.3,1.3,35.5,11.5,5.98,An toàn
303,42.0,48.0,20.4,9.8,10.0,25.5,29.5,1.36,Co dau hieu
304,18.0,78.0,22.1,17.0,29.0,18.0,41.0,0.59,Nguy co cao
305,69.0,27.0,19.2,6.3,2.3,33.8,13.5,4.03,An toàn
306,25.0,63.0,21.1,13.5,19.0,23.0,33.0,0.84,Co dau hieu
307,6.0,92.0,22.6,20.5,36.0,13.5,46.0,0.24,Nguy co cao
308,77.0,24.0,18.6,5.6,1.6,35.8,12.0,6.35,An toàn
309,58.0,37.0,19.4,8.5,5.5,30.5,18.0,2.61,An toàn
310,48.0,57.0,20.5,10.8,13.5,25.5,27.5,1.56,Co dau hieu
311,22.0,74.0,21.7,15.5,26.0,20.0,37.0,0.74,Nguy co cao
312,65.0,29.0,19.3,6.8,2.8,33.2,14.5,3.76,An toàn
313,40.0,50.0,20.7,9.3,9.0,25.0,28.5,1.38,Co dau hieu
314,14.0,82.0,22.1,18.5,31.0,15.5,41.0,0.46,Nguy co cao
315,71.0,25.0,18.8,6.2,2.2,34.2,15.5,4.57,An toàn
316,33.0,61.0,21.1,13.0,18.5,23.2,31.5,0.94,Co dau hieu
317,9.0,93.0,22.7,20.8,37.0,13.2,46.5,0.26,Nguy co cao
318,74.0,20.0,18.3,5.0,1.2,37.0,10.5,7.21,An toàn
319,52.0,42.0,19.5,9.5,7.0,29.5,21.0,2.17,An toàn
320,43.0,59.0,20.4,10.3,12.5,25.8,27.2,1.51,Co dau hieu
321,26.0,68.0,21.4,13.5,21.0,21.5,34.5,0.87,Co dau hieu
322,76.0,19.0,18.0,4.5,0.8,38.0,9.5,8.12,An toàn
323,36.0,53.0,19.8,9.8,9.5,25.3,29.2,1.42,Co dau hieu
324,16.0,79.0,21.9,17.5,28.0,19.5,39.5,0.55,Nguy co cao
325,67.0,27.0,19.1,6.1,2.1,33.9,13.8,3.96,An toàn
326,29.0,64.0,20.9,12.8,17.5,23.8,30.5,0.95,Co dau hieu
327,7.0,91.0,22.4,20.3,34.0,13.8,45.5,0.27,Nguy co cao
328,73.0,23.0,18.4,5.2,1.4,36.5,11.8,6.19,An toàn
329,56.0,41.0,19.2,9.2,6.5,29.8,20.5,2.48,An toàn
330,46.0,55.0,20.3,10.6,13.0,25.3,26.8,1.61,Co dau hieu
331,24.0,70.0,21.5,15.0,23.0,21.3,35.5,0.84,Co dau hieu
332,71.0,25.0,18.2,4.8,1.0,37.5,10.0,7.65,An toàn
333,39.0,51.0,19.6,9.6,9.2,25.6,29.0,1.4,Co dau hieu
334,13.0,81.0,22.0,18.0,30.5,15.3,40.5,0.49,Nguy co cao
335,70.0,26.0,18.9,5.9,1.9,34.1,13.0,4.39,An toàn
336,31.0,60.0,20.8,12.3,16.5,23.9,30.0,0.97,Co dau hieu
337,5.0,94.0,22.6,20.6,37.0,13.3,46.0,0.25,Nguy co cao
338,79.0,21.0,18.1,4.6,0.9,38.5,9.0,8.81,An toàn
339,54.0,43.0,19.3,9.4,7.5,29.3,21.5,2.32,An toàn
340,49.0,54.0,20.1,10.4,12.8,25.6,26.5,1.64,An toàn
341,28.0,69.0,21.3,14.5,22.5,21.1,35.0,0.89,Co dau hieu
342,75.0,22.0,17.8,4.3,0.5,39.0,8.5,9.8,An toàn
343,37.0,52.0,19.5,9.7,9.3,25.4,29.0,1.41,Co dau hieu
344,11.0,83.0,21.9,17.8,29.5,15.6,40.0,0.47,Nguy co cao
345,68.0,28.0,19.0,6.0,2.0,34.0,13.3,4.1,An toàn
346,30.0,61.0,20.6,12.6,17.0,23.6,30.2,0.96,Co dau hieu
347,4.0,95.0,22.5,20.4,35.5,13.6,45.5,0.26,Nguy co cao
348,66.0,23.0,19.4,5.8,1.8,32.5,13.0,3.76,An toàn
349,55.0,40.0,19.6,9.0,6.0,30.0,20.0,2.38,An toàn
350,50.0,56.0,20.6,10.5,13.0,26.0,27.0,1.67,An toàn
351,32.0,72.0,21.6,14.0,22.0,21.0,36.0,0.92,Co dau hieu
352,73.0,21.0,18.9,5.3,1.3,35.5,11.5,5.98,An toàn
353,42.0,48.0,20.4,9.8,10.0,25.5,29.5,1.36,Co dau hieu
354,18.0,78.0,22.1,17.0,29.0,18.0,41.0,0.59,Nguy co cao
355,69.0,27.0,19.2,6.3,2.3,33.8,13.5,4.03,An toàn
356,25.0,63.0,21.1,13.5,19.0,23.0,33.0,0.84,Co dau hieu
357,6.0,92.0,22.6,20.5,36.0,13.5,46.0,0.24,Nguy co cao
358,77.0,24.0,18.6,5.6,1.6,35.8,12.0,6.35,An toàn
359,58.0,37.0,19.4,8.5,5.5,30.5,18.0,2.61,An toàn
360,48.0,57.0,20.5,10.8,13.5,25.5,27.5,1.56,Co dau hieu
361,22.0,74.0,21.7,15.5,26.0,20.0,37.0,0.74,Nguy co cao
362,65.0,29.0,19.3,6.8,2.8,33.2,14.5,3.76,An toàn
363,40.0,50.0,20.7,9.3,9.0,25.0,28.5,1.38,Co dau hieu
364,14.0,82.0,22.1,18.5,31.0,15.5,41.0,0.46,Nguy co cao
365,71.0,25.0,18.8,6.2,2.2,34.2,15.5,4.57,An toàn
366,33.0,61.0,21.1,13.0,18.5,23.2,31.5,0.94,Co dau hieu
367,9.0,93.0,22.7,20.8,37.0,13.2,46.5,0.26,Nguy co cao
368,74.0,20.0,18.3,5.0,1.2,37.0,10.5,7.21,An toàn
369,52.0,42.0,19.5,9.5,7.0,29.5,21.0,2.17,An toàn
370,43.0,59.0,20.4,10.3,12.5,25.8,27.2,1.51,Co dau hieu
371,26.0,68.0,21.4,13.5,21.0,21.5,34.5,0.87,Co dau hieu
372,76.0,19.0,18.0,4.5,0.8,38.0,9.5,8.12,An toàn
373,36.0,53.0,19.8,9.8,9.5,25.3,29.2,1.42,Co dau hieu
374,16.0,79.0,21.9,17.5,28.0,19.5,39.5,0.55,Nguy co cao
375,67.0,27.0,19.1,6.1,2.1,33.9,13.8,3.96,An toàn
376,29.0,64.0,20.9,12.8,17.5,23.8,30.5,0.95,Co dau hieu
377,7.0,91.0,22.4,20.3,34.0,13.8,45.5,0.27,Nguy co cao
378,73.0,23.0,18.4,5.2,1.4,36.5,11.8,6.19,An toàn
379,56.0,41.0,19.2,9.2,6.5,29.8,20.5,2.48,An toàn
380,46.0,55.0,20.3,10.6,13.0,25.3,26.8,1.61,Co dau hieu
381,24.0,70.0,21.5,15.0,23.0,21.3,35.5,0.84,Co dau hieu
382,71.0,25.0,18.2,4.8,1.0,37.5,10.0,7.65,An toàn
383,39.0,51.0,19.6,9.6,9.2,25.6,29.0,1.4,Co dau hieu
384,13.0,81.0,22.0,18.0,30.5,15.3,40.5,0.49,Nguy co cao
385,70.0,26.0,18.9,5.9,1.9,34.1,13.0,4.39,An toàn
386,31.0,60.0,20.8,12.3,16.5,23.9,30.0,0.97,Co dau hieu
387,5.0,94.0,22.6,20.6,37.0,13.3,46.0,0.25,Nguy co cao
388,79.0,21.0,18.1,4.6,0.9,38.5,9.0,8.81,An toàn
389,54.0,43.0,19.3,9.4,7.5,29.3,21.5,2.32,An toàn
390,49.0,54.0,20.1,10.4,12.8,25.6,26.5,1.64,An toàn
391,28.0,69.0,21.3,14.5,22.5,21.1,35.0,0.89,Co dau hieu
392,75.0,22.0,17.8,4.3,0.5,39.0,8.5,9.8,An toàn
393,37.0,52.0,19.5,9.7,9.3,25.4,29.0,1.41,Co dau hieu
394,11.0,83.0,21.9,17.8,29.5,15.6,40.0,0.47,Nguy co cao
395,68.0,28.0,19.0,6.0,2.0,34.0,13.3,4.1,An toàn
396,30.0,61.0,20.6,12.6,17.0,23.6,30.2,0.96,Co dau hieu
397,4.0,95.0,22.5,20.4,35.5,13.6,45.5,0.26,Nguy co cao
398,66.0,23.0,19.4,5.8,1.8,32.5,13.0,3.76,An toàn
399,55.0,40.0,19.6,9.0,6.0,30.0,20.0,2.38,An toàn
400,50.0,56.0,20.6,10.5,13.0,26.0,27.0,1.67,An toàn
401,32.0,72.0,21.6,14.0,22.0,21.0,36.0,0.92,Co dau hieu
402,73.0,21.0,18.9,5.3,1.3,35.5,11.5,5.98,An toàn
403,42.0,48.0,20.4,9.8,10.0,25.5,29.5,1.36,Co dau hieu
404,18.0,78.0,22.1,17.0,29.0,18.0,41.0,0.59,Nguy co cao
405,69.0,27.0,19.2,6.3,2.3,33.8,13.5,4.03,An toàn
406,25.0,63.0,21.1,13.5,19.0,23.0,33.0,0.84,Co dau hieu
407,6.0,92.0,22.6,20.5,36.0,13.5,46.0,0.24,Nguy co cao
408,77.0,24.0,18.6,5.6,1.6,35.8,12.0,6.35,An toàn
409,58.0,37.0,19.4,8.5,5.5,30.5,18.0,2.61,An toàn
410,48.0,57.0,20.5,10.8,13.5,25.5,27.5,1.56,Co dau hieu
411,22.0,74.0,21.7,15.5,26.0,20.0,37.0,0.74,Nguy co cao
412,65.0,29.0,19.3,6.8,2.8,33.2,14.5,3.76,An toàn
413,40.0,50.0,20.7,9.3,9.0,25.0,28.5,1.38,Co dau hieu
414,14.0,82.0,22.1,18.5,31.0,15.5,41.0,0.46,Nguy co cao
415,71.0,25.0,18.8,6.2,2.2,34.2,15.5,4.57,An toàn
416,33.0,61.0,21.1,13.0,18.5,23.2,31.5,0.94,Co dau hieu
417,9.0,93.0,22.7,20.8,37.0,13.2,46.5,0.26,Nguy co cao
418,74.0,20.0,18.3,5.0,1.2,37.0,10.5,7.21,An toàn
419,52.0,42.0,19.5,9.5,7.0,29.5,21.0,2.17,An toàn
420,43.0,59.0,20.4,10.3,12.5,25.8,27.2,1.51,Co dau hieu
421,26.0,68.0,21.4,13.5,21.0,21.5,34.5,0.87,Co dau hieu
422,76.0,19.0,18.0,4.5,0.8,38.0,9.5,8.12,An toàn
423,36.0,53.0,19.8,9.8,9.5,25.3,29.2,1.42,Co dau hieu
424,16.0,79.0,21.9,17.5,28.0,19.5,39.5,0.55,Nguy co cao
425,67.0,27.0,19.1,6.1,2.1,33.9,13.8,3.96,An toàn
426,29.0,64.0,20.9,12.8,17.5,23.8,30.5,0.95,Co dau hieu
427,7.0,91.0,22.4,20.3,34.0,13.8,45.5,0.27,Nguy co cao
428,73.0,23.0,18.4,5.2,1.4,36.5,11.8,6.19,An toàn
429,56.0,41.0,19.2,9.2,6.5,29.8,20.5,2.48,An toàn
430,46.0,55.0,20.3,10.6,13.0,25.3,26.8,1.61,Co dau hieu
431,24.0,70.0,21.5,15.0,23.0,21.3,35.5,0.84,Co dau hieu
432,71.0,25.0,18.2,4.8,1.0,37.5,10.0,7.65,An toàn
433,39.0,51.0,19.6,9.6,9.2,25.6,29.0,1.4,Co dau hieu
434,13.0,81.0,22.0,18.0,30.5,15.3,40.5,0.49,Nguy co cao
435,70.0,26.0,18.9,5.9,1.9,34.1,13.0,4.39,An toàn
436,31.0,60.0,20.8,12.3,16.5,23.9,30.0,0.97,Co dau hieu
437,5.0,94.0,22.6,20.6,37.0,13.3,46.0,0.25,Nguy co cao
438,79.0,21.0,18.1,4.6,0.9,38.5,9.0,8.81,An toàn
439,54.0,43.0,19.3,9.4,7.5,29.3,21.5,2.32,An toàn
440,49.0,54.0,20.1,10.4,12.8,25.6,26.5,1.64,An toàn
441,28.0,69.0,21.3,14.5,22.5,21.1,35.0,0.89,Co dau hieu
442,75.0,22.0,17.8,4.3,0.5,39.0,8.5,9.8,An toàn
443,37.0,52.0,19.5,9.7,9.3,25.4,29.0,1.41,Co dau hieu
444,11.0,83.0,21.9,17.8,29.5,15.6,40.0,0.47,Nguy co cao
445,68.0,28.0,19.0,6.0,2.0,34.0,13.3,4.1,An toàn
446,30.0,61.0,20.6,12.6,17.0,23.6,30.2,0.96,Co dau hieu
447,4.0,95.0,22.5,20.4,35.5,13.6,45.5,0.26,Nguy co cao
448,66.0,23.0,19.4,5.8,1.8,32.5,13.0,3.76,An toàn
449,55.0,40.0,19.6,9.0,6.0,30.0,20.0,2.38,An toàn
450,50.0,56.0,20.6,10.5,13.0,26.0,27.0,1.67,An toàn
451,32.0,72.0,21.6,14.0,22.0,21.0,36.0,0.92,Co dau hieu
452,73.0,21.0,18.9,5.3,1.3,35.5,11.5,5.98,An toàn
453,42.0,48.0,20.4,9.8,10.0,25.5,29.5,1.36,Co dau hieu
454,18.0,78.0,22.1,17.0,29.0,18.0,41.0,0.59,Nguy co cao
455,69.0,27.0,19.2,6.3,2.3,33.8,13.5,4.03,An toàn
456,25.0,63.0,21.1,13.5,19.0,23.0,33.0,0.84,Co dau hieu
457,6.0,92.0,22.6,20.5,36.0,13.5,46.0,0.24,Nguy co cao
458,77.0,24.0,18.6,5.6,1.6,35.8,12.0,6.35,An toàn
459,58.0,37.0,19.4,8.5,5.5,30.5,18.0,2.61,An toàn
460,48.0,57.0,20.5,10.8,13.5,25.5,27.5,1.56,Co dau hieu
461,22.0,74.0,21.7,15.5,26.0,20.0,37.0,0.74,Nguy co cao
462,65.0,29.0,19.3,6.8,2.8,33.2,14.5,3.76,An toàn
463,40.0,50.0,20.7,9.3,9.0,25.0,28.5,1.38,Co dau hieu
464,14.0,82.0,22.1,18.5,31.0,15.5,41.0,0.46,Nguy co cao
465,71.0,25.0,18.8,6.2,2.2,34.2,15.5,4.57,An toàn
466,33.0,61.0,21.1,13.0,18.5,23.2,31.5,0.94,Co dau hieu
467,9.0,93.0,22.7,20.8,37.0,13.2,46.5,0.26,Nguy co cao
468,74.0,20.0,18.3,5.0,1.2,37.0,10.5,7.21,An toàn
469,52.0,42.0,19.5,9.5,7.0,29.5,21.0,2.17,An toàn
470,43.0,59.0,20.4,10.3,12.5,25.8,27.2,1.51,Co dau hieu
471,26.0,68.0,21.4,13.5,21.0,21.5,34.5,0.87,Co dau hieu
472,76.0,19.0,18.0,4.5,0.8,38.0,9.5,8.12,An toàn
473,36.0,53.0,19.8,9.8,9.5,25.3,29.2,1.42,Co dau hieu
474,16.0,79.0,21.9,17.5,28.0,19.5,39.5,0.55,Nguy co cao
475,67.0,27.0,19.1,6.1,2.1,33.9,13.8,3.96,An toàn
476,29.0,64.0,20.9,12.8,17.5,23.8,30.5,0.95,Co dau hieu
477,7.0,91.0,22.4,20.3,34.0,13.8,45.5,0.27,Nguy co cao
478,73.0,23.0,18.4,5.2,1.4,36.5,11.8,6.19,An toàn
479,56.0,41.0,19.2,9.2,6.5,29.8,20.5,2.48,An toàn
480,46.0,55.0,20.3,10.6,13.0,25.3,26.8,1.61,Co dau hieu
481,24.0,70.0,21.5,15.0,23.0,21.3,35.5,0.84,Co dau hieu
482,71.0,25.0,18.2,4.8,1.0,37.5,10.0,7.65,An toàn
483,39.0,51.0,19.6,9.6,9.2,25.6,29.0,1.4,Co dau hieu
484,13.0,81.0,22.0,18.0,30.5,15.3,40.5,0.49,Nguy co cao
485,70.0,26.0,18.9,5.9,1.9,34.1,13.0,4.39,An toàn
486,31.0,60.0,20.8,12.3,16.5,23.9,30.0,0.97,Co dau hieu
487,5.0,94.0,22.6,20.6,37.0,13.3,46.0,0.25,Nguy co cao
488,79.0,21.0,18.1,4.6,0.9,38.5,9.0,8.81,An toàn
489,54.0,43.0,19.3,9.4,7.5,29.3,21.5,2.32,An toàn
490,49.0,54.0,20.1,10.4,12.8,25.6,26.5,1.64,An toàn
491,28.0,69.0,21.3,14.5,22.5,21.1,35.0,0.89,Co dau hieu
492,75.0,22.0,17.8,4.3,0.5,39.0,8.5,9.8,An toàn
493,37.0,52.0,19.5,9.7,9.3,25.4,29.0,1.41,Co dau hieu
494,11.0,83.0,21.9,17.8,29.5,15.6,40.0,0.47,Nguy co cao
495,68.0,28.0,19.0,6.0,2.0,34.0,13.3,4.1,An toàn
496,30.0,61.0,20.6,12.6,17.0,23.6,30.2,0.96,Co dau hieu
497,4.0,95.0,22.5,20.4,35.5,13.6,45.5,0.26,Nguy co cao
498,66.0,23.0,19.4,5.8,1.8,32.5,13.0,3.76,An toàn
499,55.0,40.0,19.6,9.0,6.0,30.0,20.0,2.38,An toàn
500,50.0,56.0,20.6,10.5,13.0,26.0,27.0,1.67,An toàn
501,32.0,72.0,21.6,14.0,22.0,21.0,36.0,0.92,Co dau hieu
502,73.0,21.0,18.9,5.3,1.3,35.5,11.5,5.98,An toàn
503,42.0,48.0,20.4,9.8,10.0,25.5,29.5,1.36,Co dau hieu
504,18.0,78.0,22.1,17.0,29.0,18.0,41.0,0.59,Nguy co cao
505,69.0,27.0,19.2,6.3,2.3,33.8,13.5,4.03,An toàn
506,25.0,63.0,21.1,13.5,19.0,23.0,33.0,0.84,Co dau hieu
507,6.0,92.0,22.6,20.5,36.0,13.5,46.0,0.24,Nguy co cao
508,77.0,24.0,18.6,5.6,1.6,35.8,12.0,6.35,An toàn
509,58.0,37.0,19.4,8.5,5.5,30.5,18.0,2.61,An toàn
510,48.0,57.0,20.5,10.8,13.5,25.5,27.5,1.56,Co dau hieu
511,22.0,74.0,21.7,15.5,26.0,20.0,37.0,0.74,Nguy co cao
512,65.0,29.0,19.3,6.8,2.8,33.2,14.5,3.76,An toàn
513,40.0,50.0,20.7,9.3,9.0,25.0,28.5,1.38,Co dau hieu
514,14.0,82.0,22.1,18.5,31.0,15.5,41.0,0.46,Nguy co cao
515,71.0,25.0,18.8,6.2,2.2,34.2,15.5,4.57,An toàn
516,33.0,61.0,21.1,13.0,18.5,23.2,31.5,0.94,Co dau hieu
517,9.0,93.0,22.7,20.8,37.0,13.2,46.5,0.26,Nguy co cao
518,74.0,20.0,18.3,5.0,1.2,37.0,10.5,7.21,An toàn
519,52.0,42.0,19.5,9.5,7.0,29.5,21.0,2.17,An toàn
520,43.0,59.0,20.4,10.3,12.5,25.8,27.2,1.51,Co dau hieu
521,26.0,68.0,21.4,13.5,21.0,21.5,34.5,0.87,Co dau hieu
522,76.0,19.0,18.0,4.5,0.8,38.0,9.5,8.12,An toàn
523,36.0,53.0,19.8,9.8,9.5,25.3,29.2,1.42,Co dau hieu
524,16.0,79.0,21.9,17.5,28.0,19.5,39.5,0.55,Nguy co cao
525,67.0,27.0,19.1,6.1,2.1,33.9,13.8,3.96,An toàn
526,29.0,64.0,20.9,12.8,17.5,23.8,30.5,0.95,Co dau hieu
527,7.0,91.0,22.4,20.3,34.0,13.8,45.5,0.27,Nguy co cao
528,73.0,23.0,18.4,5.2,1.4,36.5,11.8,6.19,An toàn
529,56.0,41.0,19.2,9.2,6.5,29.8,20.5,2.48,An toàn
530,46.0,55.0,20.3,10.6,13.0,25.3,26.8,1.61,Co dau hieu
531,24.0,70.0,21.5,15.0,23.0,21.3,35.5,0.84,Co dau hieu
532,71.0,25.0,18.2,4.8,1.0,37.5,10.0,7.65,An toàn
533,39.0,51.0,19.6,9.6,9.2,25.6,29.0,1.4,Co dau hieu
534,13.0,81.0,22.0,18.0,30.5,15.3,40.5,0.49,Nguy co cao
535,70.0,26.0,18.9,5.9,1.9,34.1,13.0,4.39,An toàn
536,31.0,60.0,20.8,12.3,16.5,23.9,30.0,0.97,Co dau hieu
537,5.0,94.0,22.6,20.6,37.0,13.3,46.0,0.25,Nguy co cao
538,79.0,21.0,18.1,4.6,0.9,38.5,9.0,8.81,An toàn
539,54.0,43.0,19.3,9.4,7.5,29.3,21.5,2.32,An toàn
540,49.0,54.0,20.1,10.4,12.8,25.6,26.5,1.64,An toàn
541,28.0,69.0,21.3,14.5,22.5,21.1,35.0,0.89,Co dau hieu
542,75.0,22.0,17.8,4.3,0.5,39.0,8.5,9.8,An toàn
543,37.0,52.0,19.5,9.7,9.3,25.4,29.0,1.41,Co dau hieu
544,11.0,83.0,21.9,17.8,29.5,15.6,40.0,0.47,Nguy co cao
545,68.0,28.0,19.0,6.0,2.0,34.0,13.3,4.1,An toàn
546,30.0,61.0,20.6,12.6,17.0,23.6,30.2,0.96,Co dau hieu
547,4.0,95.0,22.5,20.4,35.5,13.6,45.5,0.26,Nguy co cao
548,66.0,23.0,19.4,5.8,1.8,32.5,13.0,3.76,An toàn
549,55.0,40.0,19.6,9.0,6.0,30.0,20.0,2.38,An toàn
550,50.0,56.0,20.6,10.5,13.0,26.0,27.0,1.67,An toàn
551,32.0,72.0,21.6,14.0,22.0,21.0,36.0,0.92,Co dau hieu
552,73.0,21.0,18.9,5.3,1.3,35.5,11.5,5.98,An toàn
553,42.0,48.0,20.4,9.8,10.0,25.5,29.5,1.36,Co dau hieu
554,18.0,78.0,22.1,17.0,29.0,18.0,41.0,0.59,Nguy co cao
555,69.0,27.0,19.2,6.3,2.3,33.8,13.5,4.03,An toàn
556,25.0,63.0,21.1,13.5,19.0,23.0,33.0,0.84,Co dau hieu
557,6.0,92.0,22.6,20.5,36.0,13.5,46.0,0.24,Nguy co cao
558,77.0,24.0,18.6,5.6,1.6,35.8,12.0,6.35,An toàn
559,58.0,37.0,19.4,8.5,5.5,30.5,18.0,2.61,An toàn
560,48.0,57.0,20.5,10.8,13.5,25.5,27.5,1.56,Co dau hieu
561,22.0,74.0,21.7,15.5,26.0,20.0,37.0,0.74,Nguy co cao
562,65.0,29.0,19.3,6.8,2.8,33.2,14.5,3.76,An toàn
563,40.0,50.0,20.7,9.3,9.0,25.0,28.5,1.38,Co dau hieu
564,14.0,82.0,22.1,18.5,31.0,15.5,41.0,0.46,Nguy co cao
565,71.0,25.0,18.8,6.2,2.2,34.2,15.5,4.57,An toàn
566,33.0,61.0,21.1,13.0,18.5,23.2,31.5,0.94,Co dau hieu
567,9.0,93.0,22.7,20.8,37.0,13.2,46.5,0.26,Nguy co cao
568,74.0,20.0,18.3,5.0,1.2,37.0,10.5,7.21,An toàn
569,52.0,42.0,19.5,9.5,7.0,29.5,21.0,2.17,An toàn
570,43.0,59.0,20.4,10.3,12.5,25.8,27.2,1.51,Co dau hieu
571,26.0,68.0,21.4,13.5,21.0,21.5,34.5,0.87,Co dau hieu
572,76.0,19.0,18.0,4.5,0.8,38.0,9.5,8.12,An toàn
573,36.0,53.0,19.8,9.8,9.5,25.3,29.2,1.42,Co dau hieu
574,16.0,79.0,21.9,17.5,28.0,19.5,39.5,0.55,Nguy co cao
575,67.0,27.0,19.1,6.1,2.1,33.9,13.8,3.96,An toàn
576,29.0,64.0,20.9,12.8,17.5,23.8,30.5,0.95,Co dau hieu
577,7.0,91.0,22.4,20.3,34.0,13.8,45.5,0.27,Nguy co cao
578,73.0,23.0,18.4,5.2,1.4,36.5,11.8,6.19,An toàn
579,56.0,41.0,19.2,9.2,6.5,29.8,20.5,2.48,An toàn
580,46.0,55.0,20.3,10.6,13.0,25.3,26.8,1.61,Co dau hieu
581,24.0,70.0,21.5,15.0,23.0,21.3,35.5,0.84,Co dau hieu
582,71.0,25.0,18.2,4.8,1.0,37.5,10.0,7.65,An toàn
583,39.0,51.0,19.6,9.6,9.2,25.6,29.0,1.4,Co dau hieu
584,13.0,81.0,22.0,18.0,30.5,15.3,40.5,0.49,Nguy co cao
585,70.0,26.0,18.9,5.9,1.9,34.1,13.0,4.39,An toàn
586,31.0,60.0,20.8,12.3,16.5,23.9,30.0,0.97,Co dau hieu
587,5.0,94.0,22.6,20.6,37.0,13.3,46.0,0.25,Nguy co cao
588,79.0,21.0,18.1,4.6,0.9,38.5,9.0,8.81,An toàn
589,54.0,43.0,19.3,9.4,7.5,29.3,21.5,2.32,An toàn
590,49.0,54.0,20.1,10.4,12.8,25.6,26.5,1.64,An toàn
591,28.0,69.0,21.3,14.5,22.5,21.1,35.0,0.89,Co dau hieu
592,75.0,22.0,17.8,4.3,0.5,39.0,8.5,9.8,An toàn
593,37.0,52.0,19.5,9.7,9.3,25.4,29.0,1.41,Co dau hieu
594,11.0,83.0,21.9,17.8,29.5,15.6,40.0,0.47,Nguy co cao
595,68.0,28.0,19.0,6.0,2.0,34.0,13.3,4.1,An toàn
596,30.0,61.0,20.6,12.6,17.0,23.6,30.2,0.96,Co dau hieu
597,4.0,95.0,22.5,20.4,35.5,13.6,45.5,0.26,Nguy co cao
598,66.0,23.0,19.4,5.8,1.8,32.5,13.0,3.76,An toàn
599,55.0,40.0,19.6,9.0,6.0,30.0,20.0,2.38,An toàn
600,50.0,56.0,20.6,10.5,13.0,26.0,27.0,1.67,An toàn
601,32.0,72.0,21.6,14.0,22.0,21.0,36.0,0.92,Co dau hieu
602,73.0,21.0,18.9,5.3,1.3,35.5,11.5,5.98,An toàn
603,42.0,48.0,20.4,9.8,10.0,25.5,29.5,1.36,Co dau hieu
604,18.0,78.0,22.1,17.0,29.0,18.0,41.0,0.59,Nguy co cao
605,69.0,27.0,19.2,6.3,2.3,33.8,13.5,4.03,An toàn
606,25.0,63.0,21.1,13.5,19.0,23.0,33.0,0.84,Co dau hieu
607,6.0,92.0,22.6,20.5,36.0,13.5,46.0,0.24,Nguy co cao
608,77.0,24.0,18.6,5.6,1.6,35.8,12.0,6.35,An toàn
609,58.0,37.0,19.4,8.5,5.5,30.5,18.0,2.61,An toàn
610,48.0,57.0,20.5,10.8,13.5,25.5,27.5,1.56,Co dau hieu
611,22.0,74.0,21.7,15.5,26.0,20.0,37.0,0.74,Nguy co cao
612,65.0,29.0,19.3,6.8,2.8,33.2,14.5,3.76,An toàn
613,40.0,50.0,20.7,9.3,9.0,25.0,28.5,1.38,Co dau hieu
614,14.0,82.0,22.1,18.5,31.0,15.5,41.0,0.46,Nguy co cao
615,71.0,25.0,18.8,6.2,2.2,34.2,15.5,4.57,An toàn
616,33.0,61.0,21.1,13.0,18.5,23.2,31.5,0.94,Co dau hieu
617,9.0,93.0,22.7,20.8,37.0,13.2,46.5,0.26,Nguy co cao
618,74.0,20.0,18.3,5.0,1.2,37.0,10.5,7.21,An toàn
619,52.0,42.0,19.5,9.5,7.0,29.5,21.0,2.17,An toàn
620,43.0,59.0,20.4,10.3,12.5,25.8,27.2,1.51,Co dau hieu
621,26.0,68.0,21.4,13.5,21.0,21.5,34.5,0.87,Co dau hieu
622,76.0,19.0,18.0,4.5,0.8,38.0,9.5,8.12,An toàn
623,36.0,53.0,19.8,9.8,9.5,25.3,29.2,1.42,Co dau hieu
624,16.0,79.0,21.9,17.5,28.0,19.5,39.5,0.55,Nguy co cao
625,67.0,27.0,19.1,6.1,2.1,33.9,13.8,3.96,An toàn
626,29.0,64.0,20.9,12.8,17.5,23.8,30.5,0.95,Co dau hieu
627,7.0,91.0,22.4,20.3,34.0,13.8,45.5,0.27,Nguy co cao
628,73.0,23.0,18.4,5.2,1.4,36.5,11.8,6.19,An toàn
629,56.0,41.0,19.2,9.2,6.5,29.8,20.5,2.48,An toàn
630,46.0,55.0,20.3,10.6,13.0,25.3,26.8,1.61,Co dau hieu
631,24.0,70.0,21.5,15.0,23.0,21.3,35.5,0.84,Co dau hieu
632,71.0,25.0,18.2,4.8,1.0,37.5,10.0,7.65,An toàn
633,39.0,51.0,19.6,9.6,9.2,25.6,29.0,1.4,Co dau hieu
634,13.0,81.0,22.0,18.0,30.5,15.3,40.5,0.49,Nguy co cao
635,70.0,26.0,18.9,5.9,1.9,34.1,13.0,4.39,An toàn
636,31.0,60.0,20.8,12.3,16.5,23.9,30.0,0.97,Co dau hieu
637,5.0,94.0,22.6,20.6,37.0,13.3,46.0,0.25,Nguy co cao
638,79.0,21.0,18.1,4.6,0.9,38.5,9.0,8.81,An toàn
639,54.0,43.0,19.3,9.4,7.5,29.3,21.5,2.32,An toàn
640,49.0,54.0,20.1,10.4,12.8,25.6,26.5,1.64,An toàn
641,28.0,69.0,21.3,14.5,22.5,21.1,35.0,0.89,Co dau hieu
642,75.0,22.0,17.8,4.3,0.5,39.0,8.5,9.8,An toàn
643,37.0,52.0,19.5,9.7,9.3,25.4,29.0,1.41,Co dau hieu
644,11.0,83.0,21.9,17.8,29.5,15.6,40.0,0.47,Nguy co cao
645,68.0,28.0,19.0,6.0,2.0,34.0,13.3,4.1,An toàn
646,30.0,61.0,20.6,12.6,17.0,23.6,30.2,0.96,Co dau hieu
647,4.0,95.0,22.5,20.4,35.5,13.6,45.5,0.26,Nguy co cao
648,66.0,23.0,19.4,5.8,1.8,32.5,13.0,3.76,An toàn
649,55.0,40.0,19.6,9.0,6.0,30.0,20.0,2.38,An toàn
650,50.0,56.0,20.6,10.5,13.0,26.0,27.0,1.67,An toàn
651,32.0,72.0,21.6,14.0,22.0,21.0,36.0,0.92,Co dau hieu
652,73.0,21.0,18.9,5.3,1.3,35.5,11.5,5.98,An toàn
653,42.0,48.0,20.4,9.8,10.0,25.5,29.5,1.36,Co dau hieu
654,18.0,78.0,22.1,17.0,29.0,18.0,41.0,0.59,Nguy co cao
655,69.0,27.0,19.2,6.3,2.3,33.8,13.5,4.03,An toàn
656,25.0,63.0,21.1,13.5,19.0,23.0,33.0,0.84,Co dau hieu
657,6.0,92.0,22.6,20.5,36.0,13.5,46.0,0.24,Nguy co cao
658,77.0,24.0,18.6,5.6,1.6,35.8,12.0,6.35,An toàn
659,58.0,37.0,19.4,8.5,5.5,30.5,18.0,2.61,An toàn
660,48.0,57.0,20.5,10.8,13.0,25.5,27.5,1.56,Co dau hieu
661,22.0,74.0,21.7,15.5,26.0,20.0,37.0,0.74,Nguy co cao
662,65.0,29.0,19.3,6.8,2.8,33.2,14.5,3.76,An toàn
663,40.0,50.0,20.7,9.3,9.0,25.0,28.5,1.38,Co dau hieu
664,14.0,82.0,22.1,18.5,31.0,15.5,41.0,0.46,Nguy co cao
665,71.0,25.0,18.8,6.2,2.2,34.2,15.5,4.57,An toàn
666,33.0,61.0,21.1,13.0,18.5,23.2,31.5,0.94,Co dau hieu
667,9.0,93.0,22.7,20.8,37.0,13.2,46.5,0.26,Nguy co cao
668,74.0,20.0,18.3,5.0,1.2,37.0,10.5,7.21,An toàn
669,52.0,42.0,19.5,9.5,7.0,29.5,21.0,2.17,An toàn
670,43.0,59.0,20.4,10.3,12.5,25.8,27.2,1.51,Co dau hieu
671,26.0,68.0,21.4,13.5,21.0,21.5,34.5,0.87,Co dau hieu
672,76.0,19.0,18.0,4.5,0.8,38.0,9.5,8.12,An toàn
673,36.0,53.0,19.8,9.8,9.5,25.3,29.2,1.42,Co dau hieu
674,16.0,79.0,21.9,17.5,28.0,19.5,39.5,0.55,Nguy co cao
675,67.0,27.0,19.1,6.1,2.1,33.9,13.8,3.96,An toàn
676,29.0,64.0,20.9,12.8,17.5,23.8,30.5,0.95,Co dau hieu
677,7.0,91.0,22.4,20.3,34.0,13.8,45.5,0.27,Nguy co cao
678,73.0,23.0,18.4,5.2,1.4,36.5,11.8,6.19,An toàn
679,56.0,41.0,19.2,9.2,6.5,29.8,20.5,2.48,An toàn
680,46.0,55.0,20.3,10.6,13.0,25.3,26.8,1.61,Co dau hieu
681,24.0,70.0,21.5,15.0,23.0,21.3,35.5,0.84,Co dau hieu
682,71.0,25.0,18.2,4.8,1.0,37.5,10.0,7.65,An toàn
683,39.0,51.0,19.6,9.6,9.2,25.6,29.0,1.4,Co dau hieu
684,13.0,81.0,22.0,18.0,30.5,15.3,40.5,0.49,Nguy co cao
685,70.0,26.0,18.9,5.9,1.9,34.1,13.0,4.39,An toàn
686,31.0,60.0,20.8,12.3,16.5,23.9,30.0,0.97,Co dau hieu
687,5.0,94.0,22.6,20.6,37.0,13.3,46.0,0.25,Nguy co cao
688,79.0,21.0,18.1,4.6,0.9,38.5,9.0,8.81,An toàn
689,54.0,43.0,19.3,9.4,7.5,29.3,21.5,2.32,An toàn
690,49.0,54.0,20.1,10.4,12.8,25.6,26.5,1.64,An toàn
691,28.0,69.0,21.3,14.5,22.5,21.1,35.0,0.89,Co dau hieu
692,75.0,22.0,17.8,4.3,0.5,39.0,8.5,9.8,An toàn
693,37.0,52.0,19.5,9.7,9.3,25.4,29.0,1.41,Co dau hieu
694,11.0,83.0,21.9,17.8,29.5,15.6,40.0,0.47,Nguy co cao
695,68.0,28.0,19.0,6.0,2.0,34.0,13.3,4.1,An toàn
696,30.0,61.0,20.6,12.6,17.0,23.6,30.2,0.96,Co dau hieu
697,4.0,95.0,22.5,20.4,35.5,13.6,45.5,0.26,Nguy co cao
698,66.0,23.0,19.4,5.8,1.8,32.5,13.0,3.76,An toàn
699,55.0,40.0,19.6,9.0,6.0,30.0,20.0,2.38,An toàn
700,50.0,56.0,20.6,10.5,13.0,26.0,27.0,1.67,An toàn
701,32.0,72.0,21.6,14.0,22.0,21.0,36.0,0.92,Co dau hieu
702,73.0,21.0,18.9,5.3,1.3,35.5,11.5,5.98,An toàn
703,42.0,48.0,20.4,9.8,10.0,25.5,29.5,1.36,Co dau hieu
704,18.0,78.0,22.1,17.0,29.0,18.0,41.0,0.59,Nguy co cao
705,69.0,27.0,19.2,6.3,2.3,33.8,13.5,4.03,An toàn
706,25.0,63.0,21.1,13.5,19.0,23.0,33.0,0.84,Co dau hieu
707,6.0,92.0,22.6,20.5,36.0,13.5,46.0,0.24,Nguy co cao
708,77.0,24.0,18.6,5.6,1.6,35.8,12.0,6.35,An toàn
709,58.0,37.0,19.4,8.5,5.5,30.5,18.0,2.61,An toàn
710,48.0,57.0,20.5,10.8,13.5,25.5,27.5,1.56,Co dau hieu
711,22.0,74.0,21.7,15.5,26.0,20.0,37.0,0.74,Nguy co cao
712,65.0,29.0,19.3,6.8,2.8,33.2,14.5,3.76,An toàn
713,40.0,50.0,20.7,9.3,9.0,25.0,28.5,1.38,Co dau hieu
714,14.0,82.0,22.1,18.5,31.0,15.5,41.0,0.46,Nguy co cao
715,71.0,25.0,18.8,6.2,2.2,34.2,15.5,4.57,An toàn
716,33.0,61.0,21.1,13.0,18.5,23.2,31.5,0.94,Co dau hieu
717,9.0,93.0,22.7,20.8,37.0,13.2,46.5,0.26,Nguy co cao
718,74.0,20.0,18.3,5.0,1.2,37.0,10.5,7.21,An toàn
719,52.0,42.0,19.5,9.5,7.0,29.5,21.0,2.17,An toàn
720,43.0,59.0,20.4,10.3,12.5,25.8,27.2,1.51,Co dau hieu
721,26.0,68.0,21.4,13.5,21.0,21.5,34.5,0.87,Co dau hieu
722,76.0,19.0,18.0,4.5,0.8,38.0,9.5,8.12,An toàn
723,36.0,53.0,19.8,9.8,9.5,25.3,29.2,1.42,Co dau hieu
724,16.0,79.0,21.9,17.5,28.0,19.5,39.5,0.55,Nguy co cao
725,67.0,27.0,19.1,6.1,2.1,33.9,13.8,3.96,An toàn
726,29.0,64.0,20.9,12.8,17.5,23.8,30.5,0.95,Co dau hieu
727,7.0,91.0,22.4,20.3,34.0,13.8,45.5,0.27,Nguy co cao
728,73.0,23.0,18.4,5.2,1.4,36.5,11.8,6.19,An toàn
729,56.0,41.0,19.2,9.2,6.5,29.8,20.5,2.48,An toàn
730,46.0,55.0,20.3,10.6,13.0,25.3,26.8,1.61,Co dau hieu
731,24.0,70.0,21.5,15.0,23.0,21.3,35.5,0.84,Co dau hieu
732,71.0,25.0,18.2,4.8,1.0,37.5,10.0,7.65,An toàn
733,39.0,51.0,19.6,9.6,9.2,25.6,29.0,1.4,Co dau hieu
734,13.0,81.0,22.0,18.0,30.5,15.3,40.5,0.49,Nguy co cao
735,70.0,26.0,18.9,5.9,1.9,34.1,13.0,4.39,An toàn
736,31.0,60.0,20.8,12.3,16.5,23.9,30.0,0.97,Co dau hieu
737,5.0,94.0,22.6,20.6,37.0,13.3,46.0,0.25,Nguy co cao
738,79.0,21.0,18.1,4.6,0.9,38.5,9.0,8.81,An toàn
739,54.0,43.0,19.3,9.4,7.5,29.3,21.5,2.32,An toàn
740,49.0,54.0,20.1,10.4,12.8,25.6,26.5,1.64,An toàn
741,28.0,69.0,21.3,14.5,22.5,21.1,35.0,0.89,Co dau hieu
742,75.0,22.0,17.8,4.3,0.5,39.0,8.5,9.8,An toàn
743,37.0,52.0,19.5,9.7,9.3,25.4,29.0,1.41,Co dau hieu
744,11.0,83.0,21.9,17.8,29.5,15.6,40.0,0.47,Nguy co cao
745,68.0,28.0,19.0,6.0,2.0,34.0,13.3,4.1,An toàn
746,30.0,61.0,20.6,12.6,17.0,23.6,30.2,0.96,Co dau hieu
747,4.0,95.0,22.5,20.4,35.5,13.6,45.5,0.26,Nguy co cao
748,66.0,23.0,19.4,5.8,1.8,32.5,13.0,3.76,An toàn
749,55.0,40.0,19.6,9.0,6.0,30.0,20.0,2.38,An toàn
750,50.0,56.0,20.6,10.5,13.0,26.0,27.0,1.67,An toàn
751,32.0,72.0,21.6,14.0,22.0,21.0,36.0,0.92,Co dau hieu
752,73.0,21.0,18.9,5.3,1.3,35.5,11.5,5.98,An toàn
753,42.0,48.0,20.4,9.8,10.0,25.5,29.5,1.36,Co dau hieu
754,18.0,78.0,22.1,17.0,29.0,18.0,41.0,0.59,Nguy co cao
755,69.0,27.0,19.2,6.3,2.3,33.8,13.5,4.03,An toàn
756,25.0,63.0,21.1,13.5,19.0,23.0,33.0,0.84,Co dau hieu
757,6.0,92.0,22.6,20.5,36.0,13.5,46.0,0.24,Nguy co cao
758,77.0,24.0,18.6,5.6,1.6,35.8,12.0,6.35,An toàn
759,58.0,37.0,19.4,8.5,5.5,30.5,18.0,2.61,An toàn
760,48.0,57.0,20.5,10.8,13.0,25.5,27.5,1.56,Co dau hieu
761,22.0,74.0,21.7,15.5,26.0,20.0,37.0,0.74,Nguy co cao
762,65.0,29.0,19.3,6.8,2.8,33.2,14.5,3.76,An toàn
763,40.0,50.0,20.7,9.3,9.0,25.0,28.5,1.38,Co dau hieu
764,14.0,82.0,22.1,18.5,31.0,15.5,41.0,0.46,Nguy co cao
765,71.0,25.0,18.8,6.2,2.2,34.2,15.5,4.57,An toàn
766,33.0,61.0,21.1,13.0,18.5,23.2,31.5,0.94,Co dau hieu
767,9.0,93.0,22.7,20.8,37.0,13.2,46.5,0.26,Nguy co cao
768,74.0,20.0,18.3,5.0,1.2,37.0,10.5,7.21,An toàn
769,52.0,42.0,19.5,9.5,7.0,29.5,21.0,2.17,An toàn
770,43.0,59.0,20.4,10.3,12.5,25.8,27.2,1.51,Co dau hieu
771,26.0,68.0,21.4,13.5,21.0,21.5,34.5,0.87,Co dau hieu
772,76.0,19.0,18.0,4.5,0.8,38.0,9.5,8.12,An toàn
773,36.0,53.0,19.8,9.8,9.5,25.3,29.2,1.42,Co dau hieu
774,16.0,79.0,21.9,17.5,28.0,19.5,39.5,0.55,Nguy co cao
775,67.0,27.0,19.1,6.1,2.1,33.9,13.8,3.96,An toàn
776,29.0,64.0,20.9,12.8,17.5,23.8,30.5,0.95,Co dau hieu
777,7.0,91.0,22.4,20.3,34.0,13.8,45.5,0.27,Nguy co cao
778,73.0,23.0,18.4,5.2,1.4,36.5,11.8,6.19,An toàn
779,56.0,41.0,19.2,9.2,6.5,29.8,20.5,2.48,An toàn
780,46.0,55.0,20.3,10.6,13.0,25.3,26.8,1.61,Co dau hieu
781,24.0,70.0,21.5,15.0,23.0,21.3,35.5,0.84,Co dau hieu
782,71.0,25.0,18.2,4.8,1.0,37.5,10.0,7.65,An toàn
783,39.0,51.0,19.6,9.6,9.2,25.6,29.0,1.4,Co dau hieu
784,13.0,81.0,22.0,18.0,30.5,15.3,40.5,0.49,Nguy co cao
785,70.0,26.0,18.9,5.9,1.9,34.1,13.0,4.39,An toàn
786,31.0,60.0,20.8,12.3,16.5,23.9,30.0,0.97,Co dau hieu
787,5.0,94.0,22.6,20.6,37.0,13.3,46.0,0.25,Nguy co cao
788,79.0,21.0,18.1,4.6,0.9,38.5,9.0,8.81,An toàn
789,54.0,43.0,19.3,9.4,7.5,29.3,21.5,2.32,An toàn
790,49.0,54.0,20.1,10.4,12.8,25.6,26.5,1.64,An toàn
791,28.0,69.0,21.3,14.5,22.5,21.1,35.0,0.89,Co dau hieu
792,75.0,22.0,17.8,4.3,0.5,39.0,8.5,9.8,An toàn
793,37.0,52.0,19.5,9.7,9.3,25.4,29.0,1.41,Co dau hieu
794,11.0,83.0,21.9,17.8,29.5,15.6,40.0,0.47,Nguy co cao
795,68.0,28.0,19.0,6.0,2.0,34.0,13.3,4.1,An toàn
796,30.0,61.0,20.6,12.6,17.0,23.6,30.2,0.96,Co dau hieu
797,4.0,95.0,22.5,20.4,35.5,13.6,45.5,0.26,Nguy co cao
798,66.0,23.0,19.4,5.8,1.8,32.5,13.0,3.76,An toàn
799,55.0,40.0,19.6,9.0,6.0,30.0,20.0,2.38,An toàn
800,50.0,56.0,20.6,10.5,13.0,26.0,27.0,1.67,An toàn
801,32.0,72.0,21.6,14.0,22.0,21.0,36.0,0.92,Co dau hieu
802,73.0,21.0,18.9,5.3,1.3,35.5,11.5,5.98,An toàn
803,42.0,48.0,20.4,9.8,10.0,25.5,29.5,1.36,Co dau hieu
804,18.0,78.0,22.1,17.0,29.0,18.0,41.0,0.59,Nguy co cao
805,69.0,27.0,19.2,6.3,2.3,33.8,13.5,4.03,An toàn
806,25.0,63.0,21.1,13.5,19.0,23.0,33.0,0.84,Co dau hieu
807,6.0,92.0,22.6,20.5,36.0,13.5,46.0,0.24,Nguy co cao
808,77.0,24.0,18.6,5.6,1.6,35.8,12.0,6.35,An toàn
809,58.0,37.0,19.4,8.5,5.5,30.5,18.0,2.61,An toàn
810,48.0,57.0,20.5,10.8,13.5,25.5,27.5,1.56,Co dau hieu
811,22.0,74.0,21.7,15.5,26.0,20.0,37.0,0.74,Nguy co cao
812,65.0,29.0,19.3,6.8,2.8,33.2,14.5,3.76,An toàn
813,40.0,50.0,20.7,9.3,9.0,25.0,28.5,1.38,Co dau hieu
814,14.0,82.0,22.1,18.5,31.0,15.5,41.0,0.46,Nguy co cao
815,71.0,25.0,18.8,6.2,2.2,34.2,15.5,4.57,An toàn
816,33.0,61.0,21.1,13.0,18.5,23.2,31.5,0.94,Co dau hieu
817,9.0,93.0,22.7,20.8,37.0,13.2,46.5,0.26,Nguy co cao
818,74.0,20.0,18.3,5.0,1.2,37.0,10.5,7.21,An toàn
819,52.0,42.0,19.5,9.5,7.0,29.5,21.0,2.17,An toàn
820,43.0,59.0,20.4,10.3,12.5,25.8,27.2,1.51,Co dau hieu
821,26.0,68.0,21.4,13.5,21.0,21.5,34.5,0.87,Co dau hieu
822,76.0,19.0,18.0,4.5,0.8,38.0,9.5,8.12,An toàn
823,36.0,53.0,19.8,9.8,9.5,25.3,29.2,1.42,Co dau hieu
824,16.0,79.0,21.9,17.5,28.0,19.5,39.5,0.55,Nguy co cao
825,67.0,27.0,19.1,6.1,2.1,33.9,13.8,3.96,An toàn
826,29.0,64.0,20.9,12.8,17.5,23.8,30.5,0.95,Co dau hieu
827,7.0,91.0,22.4,20.3,34.0,13.8,45.5,0.27,Nguy co cao
828,73.0,23.0,18.4,5.2,1.4,36.5,11.8,6.19,An toàn
829,56.0,41.0,19.2,9.2,6.5,29.8,20.5,2.48,An toàn
830,46.0,55.0,20.3,10.6,13.0,25.3,26.8,1.61,Co dau hieu
831,24.0,70.0,21.5,15.0,23.0,21.3,35.5,0.84,Co dau hieu
832,71.0,25.0,18.2,4.8,1.0,37.5,10.0,7.65,An toàn
833,39.0,51.0,19.6,9.6,9.2,25.6,29.0,1.4,Co dau hieu
834,13.0,81.0,22.0,18.0,30.5,15.3,40.5,0.49,Nguy co cao
835,70.0,26.0,18.9,5.9,1.9,34.1,13.0,4.39,An toàn
836,31.0,60.0,20.8,12.3,16.5,23.9,30.0,0.97,Co dau hieu
837,5.0,94.0,22.6,20.6,37.0,13.3,46.0,0.25,Nguy co cao
838,79.0,21.0,18.1,4.6,0.9,38.5,9.0,8.81,An toàn
839,54.0,43.0,19.3,9.4,7.5,29.3,21.5,2.32,An toàn
840,49.0,54.0,20.1,10.4,12.8,25.6,26.5,1.64,An toàn
841,28.0,69.0,21.3,14.5,22.5,21.1,35.0,0.89,Co dau hieu
842,75.0,22.0,17.8,4.3,0.5,39.0,8.5,9.8,An toàn
843,37.0,52.0,19.5,9.7,9.3,25.4,29.0,1.41,Co dau hieu
844,11.0,83.0,21.9,17.8,29.5,15.6,40.0,0.47,Nguy co cao
845,68.0,28.0,19.0,6.0,2.0,34.0,13.3,4.1,An toàn
846,30.0,61.0,20.6,12.6,17.0,23.6,30.2,0.96,Co dau hieu
847,4.0,95.0,22.5,20.4,35.5,13.6,45.5,0.26,Nguy co cao
848,66.0,23.0,19.4,5.8,1.8,32.5,13.0,3.76,An toàn
849,55.0,40.0,19.6,9.0,6.0,30.0,20.0,2.38,An toàn
850,50.0,56.0,20.6,10.5,13.0,26.0,27.0,1.67,An toàn
851,32.0,72.0,21.6,14.0,22.0,21.0,36.0,0.92,Co dau hieu
852,73.0,21.0,18.9,5.3,1.3,35.5,11.5,5.98,An toàn
853,42.0,48.0,20.4,9.8,10.0,25.5,29.5,1.36,Co dau hieu
854,18.0,78.0,22.1,17.0,29.0,18.0,41.0,0.59,Nguy co cao
855,69.0,27.0,19.2,6.3,2.3,33.8,13.5,4.03,An toàn
856,25.0,63.0,21.1,13.5,19.0,23.0,33.0,0.84,Co dau hieu
857,6.0,92.0,22.6,20.5,36.0,13.5,46.0,0.24,Nguy co cao
858,77.0,24.0,18.6,5.6,1.6,35.8,12.0,6.35,An toàn
859,58.0,37.0,19.4,8.5,5.5,30.5,18.0,2.61,An toàn
860,48.0,57.0,20.5,10.8,13.0,25.5,27.5,1.56,Co dau hieu
861,22.0,74.0,21.7,15.5,26.0,20.0,37.0,0.74,Nguy co cao
862,65.0,29.0,19.3,6.8,2.8,33.2,14.5,3.76,An toàn
863,40.0,50.0,20.7,9.3,9.0,25.0,28.5,1.38,Co dau hieu
864,14.0,82.0,22.1,18.5,31.0,15.5,41.0,0.46,Nguy co cao
865,71.0,25.0,18.8,6.2,2.2,34.2,15.5,4.57,An toàn
866,33.0,61.0,21.1,13.0,18.5,23.2,31.5,0.94,Co dau hieu
867,9.0,93.0,22.7,20.8,37.0,13.2,46.5,0.26,Nguy co cao
868,74.0,20.0,18.3,5.0,1.2,37.0,10.5,7.21,An toàn
869,52.0,42.0,19.5,9.5,7.0,29.5,21.0,2.17,An toàn
870,43.0,59.0,20.4,10.3,12.5,25.8,27.2,1.51,Co dau hieu
871,26.0,68.0,21.4,13.5,21.0,21.5,34.5,0.87,Co dau hieu
872,76.0,19.0,18.0,4.5,0.8,38.0,9.5,8.12,An toàn
873,36.0,53.0,19.8,9.8,9.5,25.3,29.2,1.42,Co dau hieu
874,16.0,79.0,21.9,17.5,28.0,19.5,39.5,0.55,Nguy co cao
875,67.0,27.0,19.1,6.1,2.1,33.9,13.8,3.96,An toàn
876,29.0,64.0,20.9,12.8,17.5,23.8,30.5,0.95,Co dau hieu
877,7.0,91.0,22.4,20.3,34.0,13.8,45.5,0.27,Nguy co cao
878,73.0,23.0,18.4,5.2,1.4,36.5,11.8,6.19,An toàn
879,56.0,41.0,19.2,9.2,6.5,29.8,20.5,2.48,An toàn
880,46.0,55.0,20.3,10.6,13.0,25.3,26.8,1.61,Co dau hieu
881,24.0,70.0,21.5,15.0,23.0,21.3,35.5,0.84,Co dau hieu
882,71.0,25.0,18.2,4.8,1.0,37.5,10.0,7.65,An toàn
883,39.0,51.0,19.6,9.6,9.2,25.6,29.0,1.4,Co dau hieu
884,13.0,81.0,22.0,18.0,30.5,15.3,40.5,0.49,Nguy co cao
885,70.0,26.0,18.9,5.9,1.9,34.1,13.0,4.39,An toàn
886,31.0,60.0,20.8,12.3,16.5,23.9,30.0,0.97,Co dau hieu
887,5.0,94.0,22.6,20.6,37.0,13.3,46.0,0.25,Nguy co cao
888,79.0,21.0,18.1,4.6,0.9,38.5,9.0,8.81,An toàn
889,54.0,43.0,19.3,9.4,7.5,29.3,21.5,2.32,An toàn
890,49.0,54.0,20.1,10.4,12.8,25.6,26.5,1.64,An toàn
891,28.0,69.0,21.3,14.5,22.5,21.1,35.0,0.89,Co dau hieu
892,75.0,22.0,17.8,4.3,0.5,39.0,8.5,9.8,An toàn
893,37.0,52.0,19.5,9.7,9.3,25.4,29.0,1.41,Co dau hieu
894,11.0,83.0,21.9,17.8,29.5,15.6,40.0,0.47,Nguy co cao
895,68.0,28.0,19.0,6.0,2.0,34.0,13.3,4.1,An toàn
896,30.0,61.0,20.6,12.6,17.0,23.6,30.2,0.96,Co dau hieu
897,4.0,95.0,22.5,20.4,35.5,13.6,45.5,0.26,Nguy co cao
898,66.0,23.0,19.4,5.8,1.8,32.5,13.0,3.76,An toàn
899,55.0,40.0,19.6,9.0,6.0,30.0,20.0,2.38,An toàn
900,50.0,56.0,20.6,10.5,13.0,26.0,27.0,1.67,An toàn
901,32.0,72.0,21.6,14.0,22.0,21.0,36.0,0.92,Co dau hieu
902,73.0,21.0,18.9,5.3,1.3,35.5,11.5,5.98,An toàn
903,42.0,48.0,20.4,9.8,10.0,25.5,29.5,1.36,Co dau hieu
904,18.0,78.0,22.1,17.0,29.0,18.0,41.0,0.59,Nguy co cao
905,69.0,27.0,19.2,6.3,2.3,33.8,13.5,4.03,An toàn
906,25.0,63.0,21.1,13.5,19.0,23.0,33.0,0.84,Co dau hieu
907,6.0,92.0,22.6,20.5,36.0,13.5,46.0,0.24,Nguy co cao
908,77.0,24.0,18.6,5.6,1.6,35.8,12.0,6.35,An toàn
909,58.0,37.0,19.4,8.5,5.5,30.5,18.0,2.61,An toàn
910,48.0,57.0,20.5,10.8,13.0,25.5,27.5,1.56,Co dau hieu
911,22.0,74.0,21.7,15.5,26.0,20.0,37.0,0.74,Nguy co cao
912,65.0,29.0,19.3,6.8,2.8,33.2,14.5,3.76,An toàn
913,40.0,50.0,20.7,9.3,9.0,25.0,28.5,1.38,Co dau hieu
914,14.0,82.0,22.1,18.5,31.0,15.5,41.0,0.46,Nguy co cao
915,71.0,25.0,18.8,6.2,2.2,34.2,15.5,4.57,An toàn
916,33.0,61.0,21.1,13.0,18.5,23.2,31.5,0.94,Co dau hieu
917,9.0,93.0,22.7,20.8,37.0,13.2,46.5,0.26,Nguy co cao
918,74.0,20.0,18.3,5.0,1.2,37.0,10.5,7.21,An toàn
919,52.0,42.0,19.5,9.5,7.0,29.5,21.0,2.17,An toàn
920,43.0,59.0,20.4,10.3,12.5,25.8,27.2,1.51,Co dau hieu
921,26.0,68.0,21.4,13.5,21.0,21.5,34.5,0.87,Co dau hieu
922,76.0,19.0,18.0,4.5,0.8,38.0,9.5,8.12,An toàn
923,36.0,53.0,19.8,9.8,9.5,25.3,29.2,1.42,Co dau hieu
924,16.0,79.0,21.9,17.5,28.0,19.5,39.5,0.55,Nguy co cao
925,67.0,27.0,19.1,6.1,2.1,33.9,13.8,3.96,An toàn
926,29.0,64.0,20.9,12.8,17.5,23.8,30.5,0.95,Co dau hieu
927,7.0,91.0,22.4,20.3,34.0,13.8,45.5,0.27,Nguy co cao
928,73.0,23.0,18.4,5.2,1.4,36.5,11.8,6.19,An toàn
929,56.0,41.0,19.2,9.2,6.5,29.8,20.5,2.48,An toàn
930,46.0,55.0,20.3,10.6,13.0,25.3,26.8,1.61,Co dau hieu
931,24.0,70.0,21.5,15.0,23.0,21.3,35.5,0.84,Co dau hieu
932,71.0,25.0,18.2,4.8,1.0,37.5,10.0,7.65,An toàn
933,39.0,51.0,19.6,9.6,9.2,25.6,29.0,1.4,Co dau hieu
934,13.0,81.0,22.0,18.0,30.5,15.3,40.5,0.49,Nguy co cao
935,70.0,26.0,18.9,5.9,1.9,34.1,13.0,4.39,An toàn
936,31.0,60.0,20.8,12.3,16.5,23.9,30.0,0.97,Co dau hieu
937,5.0,94.0,22.6,20.6,37.0,13.3,46.0,0.25,Nguy co cao
938,79.0,21.0,18.1,4.6,0.9,38.5,9.0,8.81,An toàn
939,54.0,43.0,19.3,9.4,7.5,29.3,21.5,2.32,An toàn
940,49.0,54.0,20.1,10.4,12.8,25.6,26.5,1.64,An toàn
941,28.0,69.0,21.3,14.5,22.5,21.1,35.0,0.89,Co dau hieu
942,75.0,22.0,17.8,4.3,0.5,39.0,8.5,9.8,An toàn
943,37.0,52.0,19.5,9.7,9.3,25.4,29.0,1.41,Co dau hieu
944,11.0,83.0,21.9,17.8,29.5,15.6,40.0,0.47,Nguy co cao
945,68.0,28.0,19.0,6.0,2.0,34.0,13.3,4.1,An toàn
946,30.0,61.0,20.6,12.6,17.0,23.6,30.2,0.96,Co dau hieu
947,4.0,95.0,22.5,20.4,35.5,13.6,45.5,0.26,Nguy co cao
948,66.0,23.0,19.4,5.8,1.8,32.5,13.0,3.76,An toàn
949,55.0,40.0,19.6,9.0,6.0,30.0,20.0,2.38,An toàn
950,50.0,56.0,20.6,10.5,13.0,26.0,27.0,1.67,An toàn
951,32.0,72.0,21.6,14.0,22.0,21.0,36.0,0.92,Co dau hieu
952,73.0,21.0,18.9,5.3,1.3,35.5,11.5,5.98,An toàn
953,42.0,48.0,20.4,9.8,10.0,25.5,29.5,1.36,Co dau hieu
954,18.0,78.0,22.1,17.0,29.0,18.0,41.0,0.59,Nguy co cao
955,69.0,27.0,19.2,6.3,2.3,33.8,13.5,4.03,An toàn
956,25.0,63.0,21.1,13.5,19.0,23.0,33.0,0.84,Co dau hieu
957,6.0,92.0,22.6,20.5,36.0,13.5,46.0,0.24,Nguy co cao
958,77.0,24.0,18.6,5.6,1.6,35.8,12.0,6.35,An toàn
959,58.0,37.0,19.4,8.5,5.5,30.5,18.0,2.61,An toàn
960,48.0,57.0,20.5,10.8,13.0,25.5,27.5,1.56,Co dau hieu
961,22.0,74.0,21.7,15.5,26.0,20.0,37.0,0.74,Nguy co cao
962,65.0,29.0,19.3,6.8,2.8,33.2,14.5,3.76,An toàn
963,40.0,50.0,20.7,9.3,9.0,25.0,28.5,1.38,Co dau hieu
964,14.0,82.0,22.1,18.5,31.0,15.5,41.0,0.46,Nguy co cao
965,71.0,25.0,18.8,6.2,2.2,34.2,15.5,4.57,An toàn
966,33.0,61.0,21.1,13.0,18.5,23.2,31.5,0.94,Co dau hieu
967,9.0,93.0,22.7,20.8,37.0,13.2,46.5,0.26,Nguy co cao
968,74.0,20.0,18.3,5.0,1.2,37.0,10.5,7.21,An toàn
969,52.0,42.0,19.5,9.5,7.0,29.5,21.0,2.17,An toàn
970,43.0,59.0,20.4,10.3,12.5,25.8,27.2,1.51,Co dau hieu
971,26.0,68.0,21.4,13.5,21.0,21.5,34.5,0.87,Co dau hieu
972,76.0,19.0,18.0,4.5,0.8,38.0,9.5,8.12,An toàn
973,36.0,53.0,19.8,9.8,9.5,25.3,29.2,1.42,Co dau hieu
974,16.0,79.0,21.9,17.5,28.0,19.5,39.5,0.55,Nguy co cao
975,67.0,27.0,19.1,6.1,2.1,33.9,13.8,3.96,An toàn
976,29.0,64.0,20.9,12.8,17.5,23.8,30.5,0.95,Co dau hieu
977,7.0,91.0,22.4,20.3,34.0,13.8,45.5,0.27,Nguy co cao
978,73.0,23.0,18.4,5.2,1.4,36.5,11.8,6.19,An toàn
979,56.0,41.0,19.2,9.2,6.5,29.8,20.5,2.48,An toàn
980,46.0,55.0,20.3,10.6,13.0,25.3,26.8,1.61,Co dau hieu
981,24.0,70.0,21.5,15.0,23.0,21.3,35.5,0.84,Co dau hieu
982,71.0,25.0,18.2,4.8,1.0,37.5,10.0,7.65,An toàn
983,39.0,51.0,19.6,9.6,9.2,25.6,29.0,1.4,Co dau hieu
984,13.0,81.0,22.0,18.0,30.5,15.3,40.5,0.49,Nguy co cao
985,70.0,26.0,18.9,5.9,1.9,34.1,13.0,4.39,An toàn
986,31.0,60.0,20.8,12.3,16.5,23.9,30.0,0.97,Co dau hieu
987,5.0,94.0,22.6,20.6,37.0,13.3,46.0,0.25,Nguy co cao
988,79.0,21.0,18.1,4.6,0.9,38.5,9.0,8.81,An toàn
989,54.0,43.0,19.3,9.4,7.5,29.3,21.5,2.32,An toàn
990,49.0,54.0,20.1,10.4,12.8,25.6,26.5,1.64,An toàn
991,28.0,69.0,21.3,14.5,22.5,21.1,35.0,0.89,Co dau hieu
992,75.0,22.0,17.8,4.3,0.5,39.0,8.5,9.8,An toàn
993,37.0,52.0,19.5,9.7,9.3,25.4,29.0,1.41,Co dau hieu
994,11.0,83.0,21.9,17.8,29.5,15.6,40.0,0.47,Nguy co cao
995,68.0,28.0,19.0,6.0,2.0,34.0,13.3,4.1,An toàn
996,30.0,61.0,20.6,12.6,17.0,23.6,30.2,0.96,Co dau hieu
997,4.0,95.0,22.5,20.4,35.5,13.6,45.5,0.26,Nguy co cao
998,66.0,23.0,19.4,5.8,1.8,32.5,13.0,3.76,An toàn
999,55.0,40.0,19.6,9.0,6.0,30.0,20.0,2.38,An toàn
1000,50.0,56.0,20.6,10.5,13.0,26.0,27.0,1.67,An toàn
1001,32.0,72.0,21.6,14.0,22.0,21.0,36.0,0.92,Co dau hieu
1002,73.0,21.0,18.9,5.3,1.3,35.5,11.5,5.98,An toàn
1003,42.0,48.0,20.4,9.8,10.0,25.5,29.5,1.36,Co dau hieu
1004,18.0,78.0,22.1,17.0,29.0,18.0,41.0,0.59,Nguy co cao
1005,69.0,27.0,19.2,6.3,2.3,33.8,13.5,4.03,An toàn
1006,25.0,63.0,21.1,13.5,19.0,23.0,33.0,0.84,Co dau hieu
1007,6.0,92.0,22.6,20.5,36.0,13.5,46.0,0.24,Nguy co cao
1008,77.0,24.0,18.6,5.6,1.6,35.8,12.0,6.35,An toàn
1009,58.0,37.0,19.4,8.5,5.5,30.5,18.0,2.61,An toàn
1010,48.0,57.0,20.5,10.8,13.0,25.5,27.5,1.56,Co dau hieu
1011,22.0,74.0,21.7,15.5,26.0,20.0,37.0,0.74,Nguy co cao
1012,65.0,29.0,19.3,6.8,2.8,33.2,14.5,3.76,An toàn
1013,40.0,50.0,20.7,9.3,9.0,25.0,28.5,1.38,Co dau hieu
1014,14.0,82.0,22.1,18.5,31.0,15.5,41.0,0.46,Nguy co cao
1015,71.0,25.0,18.8,6.2,2.2,34.2,15.5,4.57,An toàn
1016,33.0,61.0,21.1,13.0,18.5,23.2,31.5,0.94,Co dau hieu
1017,9.0,93.0,22.7,20.8,37.0,13.2,46.5,0.26,Nguy co cao
1018,74.0,20.0,18.3,5.0,1.2,37.0,10.5,7.21,An toàn
1019,52.0,42.0,19.5,9.5,7.0,29.5,21.0,2.17,An toàn
1020,43.0,59.0,20.4,10.3,12.5,25.8,27.2,1.51,Co dau hieu
1021,26.0,68.0,21.4,13.5,21.0,21.5,34.5,0.87,Co dau hieu
1022,76.0,19.0,18.0,4.5,0.8,38.0,9.5,8.12,An toàn
1023,36.0,53.0,19.8,9.8,9.5,25.3,29.2,1.42,Co dau hieu
1024,16.0,79.0,21.9,17.5,28.0,19.5,39.5,0.55,Nguy co cao
1025,67.0,27.0,19.1,6.1,2.1,33.9,13.8,3.96,An toàn
1026,29.0,64.0,20.9,12.8,17.5,23.8,30.5,0.95,Co dau hieu
1027,7.0,91.0,22.4,20.3,34.0,13.8,45.5,0.27,Nguy co cao
1028,73.0,23.0,18.4,5.2,1.4,36.5,11.8,6.19,An toàn
1029,56.0,41.0,19.2,9.2,6.5,29.8,20.5,2.48,An toàn
1030,46.0,55.0,20.3,10.6,13.0,25.3,26.8,1.61,Co dau hieu
1031,24.0,70.0,21.5,15.0,23.0,21.3,35.5,0.84,Co dau hieu
1032,71.0,25.0,18.2,4.8,1.0,37.5,10.0,7.65,An toàn
1033,39.0,51.0,19.6,9.6,9.2,25.6,29.0,1.4,Co dau hieu
1034,13.0,81.0,22.0,18.0,30.5,15.3,40.5,0.49,Nguy co cao
1035,70.0,26.0,18.9,5.9,1.9,34.1,13.0,4.39,An toàn
1036,31.0,60.0,20.8,12.3,16.5,23.9,30.0,0.97,Co dau hieu
1037,5.0,94.0,22.6,20.6,37.0,13.3,46.0,0.25,Nguy co cao
1038,79.0,21.0,18.1,4.6,0.9,38.5,9.0,8.81,An toàn
1039,54.0,43.0,19.3,9.4,7.5,29.3,21.5,2.32,An toàn
1040,49.0,54.0,20.1,10.4,12.8,25.6,26.5,1.64,An toàn
1041,28.0,69.0,21.3,14.5,22.5,21.1,35.0,0.89,Co dau hieu
1042,75.0,22.0,17.8,4.3,0.5,39.0,8.5,9.8,An toàn
1043,37.0,52.0,19.5,9.7,9.3,25.4,29.0,1.41,Co dau hieu
1044,11.0,83.0,21.9,17.8,29.5,15.6,40.0,0.47,Nguy co cao
1045,68.0,28.0,19.0,6.0,2.0,34.0,13.3,4.1,An toàn
1046,30.0,61.0,20.6,12.6,17.0,23.6,30.2,0.96,Co dau hieu
1047,4.0,95.0,22.5,20.4,35.5,13.6,45.5,0.26,Nguy co cao
1048,66.0,23.0,19.4,5.8,1.8,32.5,13.0,3.76,An toàn
1049,55.0,40.0,19.6,9.0,6.0,30.0,20.0,2.38,An toàn
1050,50.0,56.0,20.6,10.5,13.0,26.0,27.0,1.67,An toàn
1051,32.0,72.0,21.6,14.0,22.0,21.0,36.0,0.92,Co dau hieu
1052,73.0,21.0,18.9,5.3,1.3,35.5,11.5,5.98,An toàn
1053,42.0,48.0,20.4,9.8,10.0,25.5,29.5,1.36,Co dau hieu
1054,18.0,78.0,22.1,17.0,29.0,18.0,41.0,0.59,Nguy co cao
1055,69.0,27.0,19.2,6.3,2.3,33.8,13.5,4.03,An toàn
1056,25.0,63.0,21.1,13.5,19.0,23.0,33.0,0.84,Co dau hieu
1057,6.0,92.0,22.6,20.5,36.0,13.5,46.0,0.24,Nguy co cao
1058,77.0,24.0,18.6,5.6,1.6,35.8,12.0,6.35,An toàn
1059,58.0,37.0,19.4,8.5,5.5,30.5,18.0,2.61,An toàn
1060,48.0,57.0,20.5,10.8,13.0,25.5,27.5,1.56,Co dau hieu
1061,22.0,74.0,21.7,15.5,26.0,20.0,37.0,0.74,Nguy co cao
1062,65.0,29.0,19.3,6.8,2.8,33.2,14.5,3.76,An toàn
1063,40.0,50.0,20.7,9.3,9.0,25.0,28.5,1.38,Co dau hieu
1064,14.0,82.0,22.1,18.5,31.0,15.5,41.0,0.46,Nguy co cao
1065,71.0,25.0,18.8,6.2,2.2,34.2,15.5,4.57,An toàn
1066,33.0,61.0,21.1,13.0,18.5,23.2,31.5,0.94,Co dau hieu
1067,9.0,93.0,22.7,20.8,37.0,13.2,46.5,0.26,Nguy co cao
1068,74.0,20.0,18.3,5.0,1.2,37.0,10.5,7.21,An toàn
1069,52.0,42.0,19.5,9.5,7.0,29.5,21.0,2.17,An toàn
1070,43.0,59.0,20.4,10.3,12.5,25.8,27.2,1.51,Co dau hieu
1071,26.0,68.0,21.4,13.5,21.0,21.5,34.5,0.87,Co dau hieu
1072,76.0,19.0,18.0,4.5,0.8,38.0,9.5,8.12,An toàn
1073,36.0,53.0,19.8,9.8,9.5,25.3,29.2,1.42,Co dau hieu
1074,16.0,79.0,21.9,17.5,28.0,19.5,39.5,0.55,Nguy co cao
1075,67.0,27.0,19.1,6.1,2.1,33.9,13.8,3.96,An toàn
1076,29.0,64.0,20.9,12.8,17.5,23.8,30.5,0.95,Co dau hieu
1077,7.0,91.0,22.4,20.3,34.0,13.8,45.5,0.27,Nguy co cao
1078,73.0,23.0,18.4,5.2,1.4,36.5,11.8,6.19,An toàn
1079,56.0,41.0,19.2,9.2,6.5,29.8,20.5,2.48,An toàn
1080,46.0,55.0,20.3,10.6,13.0,25.3,26.8,1.61,Co dau hieu
1081,24.0,70.0,21.5,15.0,23.0,21.3,35.5,0.84,Co dau hieu
1082,71.0,25.0,18.2,4.8,1.0,37.5,10.0,7.65,An toàn
1083,39.0,51.0,19.6,9.6,9.2,25.6,29.0,1.4,Co dau hieu
1084,13.0,81.0,22.0,18.0,30.5,15.3,40.5,0.49,Nguy co cao
1085,70.0,26.0,18.9,5.9,1.9,34.1,13.0,4.39,An toàn
1086,31.0,60.0,20.8,12.3,16.5,23.9,30.0,0.97,Co dau hieu
1087,5.0,94.0,22.6,20.6,37.0,13.3,46.0,0.25,Nguy co cao
1088,79.0,21.0,18.1,4.6,0.9,38.5,9.0,8.81,An toàn
1089,54.0,43.0,19.3,9.4,7.5,29.3,21.5,2.32,An toàn
1090,49.0,54.0,20.1,10.4,12.8,25.6,26.5,1.64,An toàn
1091,28.0,69.0,21.3,14.5,22.5,21.1,35.0,0.89,Co dau hieu
1092,75.0,22.0,17.8,4.3,0.5,39.0,8.5,9.8,An toàn
1093,37.0,52.0,19.5,9.7,9.3,25.4,29.0,1.41,Co dau hieu
1094,11.0,83.0,21.9,17.8,29.5,15.6,40.0,0.47,Nguy co cao
1095,68.0,28.0,19.0,6.0,2.0,34.0,13.3,4.1,An toàn
1096,30.0,61.0,20.6,12.6,17.0,23.6,30.2,0.96,Co dau hieu
1097,4.0,95.0,22.5,20.4,35.5,13.6,45.5,0.26,Nguy co cao
1098,66.0,23.0,19.4,5.8,1.8,32.5,13.0,3.76,An toàn
1099,55.0,40.0,19.6,9.0,6.0,30.0,20.0,2.38,An toàn
1000,50.0,56.0,20.6,10.5,13.0,26.0,27.0,1.67,An toàn
10000,72.0,24.0,18.2,5.1,1.3,37.0,11.3,6.76,An toàn
20000,57.0,40.0,19.1,9.1,6.2,29.6,20.2,2.55,An toàn
30000,47.0,56.0,20.2,10.5,12.9,25.4,26.6,1.62,Co dau hieu
40000,25.0,71.0,21.4,14.8,22.8,21.2,35.2,0.86,Co dau hieu
50000,66.0,30.0,19.4,7.0,3.0,32.5,15.5,3.36,An toàn
60000,34.0,54.0,20.5,10.0,11.5,24.8,29.8,1.21,Co dau hieu
70000,10.0,84.0,22.0,18.0,30.0,15.8,40.5,0.44,Nguy co cao
80000,64.0,29.0,19.2,6.5,2.5,33.0,14.5,3.62,An toàn
90000,32.0,62.0,20.8,12.5,17.5,23.4,30.8,0.93,Co dau hieu
100000,3.0,96.0,22.7,20.8,37.5,13.1,46.5,0.23,Nguy co cao
100001,2.450647390838561,95.89515322882438,22.47252207765535,20.386239775975415,35.64538848505511,13.819862444697021,45.15986787298233,0.26,Nguy co cao
100002,8.23899996719236,92.70474935989934,22.583177813684305,20.727856873412936,36.74567463027978,13.249087778852836,46.5,0.26,Nguy co cao
100003,14.439226154212644,83.7211396435228,21.945820718813074,18.216696230170424,31.137940529444975,15.772239694149674,40.74908117202785,0.49,Nguy co cao
100004,10.260837698907606,92.31390990476363,22.602667110570973,20.8,37.5,12.957016499707663,46.44425807572168,0.26,Nguy co cao
100005,1.8501949990726567,92.74326644056764,22.48240903979703,20.519707630981085,34.80745131455363,13.508915987507452,44.398235159253474,0.26,Nguy co cao
100006,5.7131800303638265,94.70507848974148,22.534460910469413,20.60928757485496,37.23500489954535,13.198029289910513,46.27051613553488,0.25,Nguy co cao
100007,8.433049175438295,95.14618714028563,22.7,20.8,37.23201398845161,13.377631912957469,46.41635482415901,0.26,Nguy co cao
100008,5.0681599517613,93.03264016293251,22.7,20.390855434445214,37.28805949590784,12.891966639411459,45.753214597598735,0.25,Nguy co cao
100009,23.9734713438837,74.13850342338743,21.657884231504315,15.52203731282591,26.40731395133969,20.02364789439079,35.82664073576446,0.74,Nguy co cao
100010,23.11233498073849,72.8018821951502,21.688579981095963,15.590065963100175,26.972521306895842,19.419568250393464,37.02486118261464,0.74,Nguy co cao
100011,16.527118495931724,80.25979241132914,22.029179128520216,17.385908931406092,27.520502456536672,19.921112455392386,40.27985568341427,0.55,Nguy co cao
100012,7.200367718305861,92.89887764688994,22.58032730519828,20.8,37.34811522810812,13.438433216340117,46.030616158386515,0.25,Nguy co cao
100013,21.51768925614709,73.79084239554858,21.73039282449246,15.295716994108169,26.59823150836734,20.171413819115262,36.89679360807594,0.74,Nguy co cao
100014,1.3675549109301188,94.37586418991009,22.7,20.8,37.39200611000268,13.081543351642678,46.26475100788797,0.23,Nguy co cao
100015,11.364247273167509,92.572810256078,22.7,20.56646199879549,37.11093174325613,13.300918041108714,46.5,0.26,Nguy co cao
100016,1.1415271997218854,98.0,22.075484960651586,19.735146134641308,37.00228526962552,12.0,44.566077844786925,0.16,Nguy co cao
100017,5.800470825438525,92.46784757980267,22.518886304050337,20.256648809779325,36.39372630191833,13.67479377209533,46.5,0.24,Nguy co cao
100018,5.652387176223843,91.48918770781687,22.56029242717019,19.81788333952346,35.71923278329492,13.705046124122786,45.8377823690226,0.24,Nguy co cao
100019,5.488523762298861,92.73867837322759,22.6619949254347,20.20860184775486,36.692643347101814,13.897836269057413,45.553343586881134,0.25,Nguy co cao
100020,8.216960202274649,91.20720069661144,22.7,20.8,36.608573793483664,13.772548737346671,46.22015487672773,0.26,Nguy co cao
100021,3.675572691642609,96.35775614215821,22.50314062796639,20.196797065427365,35.4670720725893,13.565962085293641,44.9498064597721,0.26,Nguy co cao
100022,2.258239834843626,95.37438412731325,22.650086333012858,20.78057691987125,37.157349166731194,13.151959644174152,46.402557022643634,0.25,Nguy co cao
100023,18.736248498611175,76.71961459650376,22.05998875105587,16.701636042691757,28.75405494126584,18.124936302440048,41.87989565448119,0.59,Nguy co cao
100024,11.868201443785484,93.27490208138173,22.7,20.527204206796245,37.5,12.616711268391269,46.5,0.26,Nguy co cao
100025,10.040195918645182,84.18397141837141,21.843079129328288,17.78942314363732,29.452696049212587,15.090592413712793,40.21182118257355,0.47,Nguy co cao
100026,6.213677643268291,93.47916067118301,22.552249366665272,20.644425445728302,37.07973344711941,12.99265576828693,45.97187571214677,0.25,Nguy co cao
100027,24.69819302082071,73.8419484890656,21.692331003203215,15.341644631308853,26.482417154626354,20.689819625298906,36.811227588301506,0.74,Nguy co cao
100028,14.870608771734132,84.08646172681277,22.169180678711506,18.278640657666312,31.14500338292634,15.085881452575837,41.483466914265854,0.46,Nguy co cao
100029,12.642694410352618,81.23580561668325,22.0226479209243,18.515779476874084,31.261824405072723,15.467805132496098,40.867212302384466,0.46,Nguy co cao
100030,6.003390970177798,92.57146998760867,22.561704849580867,20.517636032678503,36.7110232018072,13.557859028901099,46.25742235114186,0.25,Nguy co cao
100031,21.593558913357008,75.32972369427868,21.679370991857084,15.557349499398782,26.522991868712076,20.16415225100566,36.68454607437012,0.74,Nguy co cao
100032,5.1592395550940875,97.1811337339522,22.60078746137392,20.701875703624637,37.32578667780179,13.984827382731131,45.658987848303276,0.23,Nguy co cao
100033,6.0572310121242285,92.55718957536646,22.59762642859903,20.442187205309583,36.9494113557783,13.529504256951066,45.504077890030494,0.25,Nguy co cao
100034,11.462444471310244,82.66480839566752,21.987869751806883,17.962845265449676,30.04728844490638,15.391763726906735,39.75751366002339,0.49,Nguy co cao
100035,17.229183648478568,77.74211005025178,22.073532483182507,16.71231794166628,29.143248100485753,17.740073975238996,40.78403556069428,0.59,Nguy co cao
100036,2.4809359905675965,95.73324346985119,22.66697757976782,20.605811023347826,35.09907669331812,14.44050517210416,45.35437580948872,0.26,Nguy co cao
100037,15.874638365927401,79.93977312544921,21.950048696169016,17.4611710014174,27.56257616771277,19.57686425274674,38.22795320948139,0.55,Nguy co cao
100038,23.36295673832452,74.3300560224478,21.8044458461601,15.71440854832514,26.25095018721099,20.044006050309548,36.35927266112251,0.74,Nguy co cao
100039,17.18853072415905,77.48934760323037,22.146584206472333,16.73757089187507,27.889648979123944,17.645710767423864,41.207606114039756,0.59,Nguy co cao
100040,18.781324039619967,76.93300195070265,21.97534607836392,16.8242998478616,27.595741041387083,18.46424350527268,40.32139661256688,0.59,Nguy co cao
100041,4.805627824536807,92.08189391310016,22.33277611537383,20.263234830087303,32.99224455192149,13.929092884887964,45.47695660630337,0.27,Nguy co cao
100042,20.008474416387145,74.39070384788,21.655248794007967,15.10387417063946,24.659173393067796,20.041621672200133,37.30780489486642,0.74,Nguy co cao
100043,12.416224227162703,80.09329412924802,21.914130571715024,18.29442329083076,30.58802209269841,15.01658531635548,40.95635001693059,0.49,Nguy co cao
100044,9.041272512581337,91.42325710711128,22.692097114708616,20.70501158883474,37.38898203184817,13.486524385531737,46.5,0.26,Nguy co cao
100045,5.699812578598935,96.64905598846735,22.46925248808882,20.268888031073814,34.82160339856047,13.899442210674147,44.25144504586616,0.26,Nguy co cao
100046,13.072294270081091,83.85835255800075,21.882969600739234,17.989200158966963,29.50358999336615,15.6045795257721,40.50344224163744,0.47,Nguy co cao
100047,15.930720835017011,75.67285109887291,22.018871791642514,17.110701331466284,29.056951253994182,18.29440030272723,40.495608603337494,0.59,Nguy co cao
100048,5.293351181813209,96.52463556030244,22.7,20.487124657098303,37.397370707781384,12.691398116580102,45.62429413149761,0.23,Nguy co cao
100049,4.503223424504723,94.71367857243006,22.534781408240562,20.42200396814254,36.43758306485815,13.743271065835724,45.97876554218179,0.26,Nguy co cao
100050,7.471908706853968,93.5094688046486,22.59324211144549,20.197912068427474,35.645937930849286,14.099117718607518,45.78385114507399,0.24,Nguy co cao
100051,6.611892610576411,93.9127519111848,22.45293662252967,20.110568163435357,35.87519573549623,13.325909322800442,44.85178126936079,0.26,Nguy co cao
100052,7.332838770559963,90.14283077840588,22.40927996432042,20.21727441656219,34.56086086627952,13.789063762512978,45.53856668581954,0.27,Nguy co cao
100053,17.24618995387458,79.34461616439152,21.972942163846813,17.858431757771836,28.163332094756466,19.264998231950546,39.703104235761565,0.55,Nguy co cao
100054,4.295494485681472,95.82469060246652,22.592518419450194,20.8,37.096092998052434,12.940046168780581,45.80067561323523,0.25,Nguy co cao
100055,12.256991088740193,82.97144386951823,22.024019929186593,18.623560991798154,30.427766093221692,16.10511170139568,41.99776442970785,0.46,Nguy co cao
100056,5.9437365068119306,96.0029655626279,22.494229357944352,20.720657497737353,36.74474035795737,12.843542315184523,46.09362082901858,0.25,Nguy co cao
100057,2.449713875919718,97.04036788151038,22.251388087738782,19.241177360665358,35.29112319915604,12.0,44.05522678944807,0.16,Nguy co cao
100058,11.62710447156757,95.73762603625819,22.404973422914374,19.814339241673082,35.88191328263254,15.887857610364149,44.8590218382828,0.35,Nguy co cao
100059,17.164588290906032,79.16411162784678,21.849757765950606,17.625360576155344,27.855652943545923,19.72282666515831,40.13457349788399,0.55,Nguy co cao
100060,4.358881536106077,97.20853067354076,22.58192798236552,19.979877683765107,35.717259831675385,13.681624822263748,45.15949321184111,0.26,Nguy co cao
100061,7.5145129190240265,81.69727727278358,21.618882168671114,17.29034891371273,28.140289653648562,19.01294408498038,38.11975717110287,0.58,Nguy co cao
100062,4.753417136519876,95.3433127974946,22.65041294416789,20.8,37.384505141302995,13.990811254052975,46.33660068457327,0.25,Nguy co cao
100063,21.8758040735489,73.26691824750823,21.514819697982347,15.668913178177736,26.515267848849508,20.37882615644525,36.19634639456264,0.74,Nguy co cao
100064,6.723358792060434,90.18807730971447,22.60005947522169,20.130193296528105,35.889885508221255,13.012868588995909,45.620549555732126,0.24,Nguy co cao
100065,11.02380397344206,81.2716147647213,22.01906790350543,18.107001045659548,30.640319714932563,15.701567279632293,40.58401576291718,0.49,Nguy co cao
100066,9.424345393863156,81.61581085565513,21.485148571171347,16.96973159577492,27.338600778428233,19.34079138772715,39.1765899845458,0.58,Nguy co cao
100067,7.540254429687544,90.36276057158696,22.382795425054745,20.181144485148295,33.33004578539225,13.268087186006088,46.5,0.27,Nguy co cao
100068,13.776388760472415,82.29683838010726,22.064791410692838,18.25887508255403,30.580510398900167,15.318527804520597,41.778933871728825,0.46,Nguy co cao
100069,8.744829519045256,94.44389217174923,22.59714966980753,20.639688942714724,36.21586283326794,13.019542260687338,46.28915142875903,0.26,Nguy co cao
100070,1.0,98.0,22.152031794896228,19.41498772795588,37.07294194547389,12.0,44.49577185036174,0.16,Nguy co cao
100071,10.962723817709488,80.40790675064318,21.859210428977406,17.392255201919788,30.970852287389732,15.384000329184353,39.86234624057381,0.47,Nguy co cao
100072,6.175062168223594,94.71721310601046,22.538304288608035,19.945354350498196,34.84347494588875,13.96927016283256,46.19282021399774,0.26,Nguy co cao
100073,10.968428615889376,84.9012590953552,21.88445831255034,18.01678012481675,28.759302632696038,15.077992772961851,39.99978152098946,0.47,Nguy co cao
100074,6.907670654681496,91.86579864760238,22.331265068639112,20.476066385202905,33.36702740615471,13.612390623823563,45.382864376712,0.27,Nguy co cao
100075,14.268346466807651,80.08599464589223,22.156967749308254,18.957177766758477,31.010942107768887,15.706172589809167,41.32242568175575,0.46,Nguy co cao
100076,15.002210751276845,89.64253119753492,22.01608803795874,19.62257229415531,32.744810531080155,16.651854055079674,40.78624495293476,0.45,Nguy co cao
100077,6.4897849874012845,90.7047040538384,22.42499973285139,20.661877732426365,33.87488941095208,13.847385613671952,45.405021278126085,0.27,Nguy co cao
100078,10.905330498065446,85.00587620901487,21.90258801209593,17.580341901058222,29.09340791168582,15.760994637432985,40.19783803653059,0.47,Nguy co cao
100079,16.86681323750405,78.32330216381537,22.2439662751594,17.52544012657205,29.428521615451004,17.568063572982272,40.60031195376656,0.59,Nguy co cao
100080,2.1000750546334945,96.47426443919727,22.272878498397876,20.298557595564326,35.14459428053667,12.179133143490608,45.36225834598317,0.18,Nguy co cao
100081,6.934040271516639,93.32945762043417,22.689897428091122,20.8,36.65545507644748,13.055553919503803,45.9027929828282,0.26,Nguy co cao
100082,13.566696287939296,82.01320150383788,22.193096665268264,18.39516897499636,31.26202253660576,15.446910955525198,39.925698835207,0.46,Nguy co cao
100083,5.836701011705855,92.83103849246378,22.517617684585947,20.300998622725597,36.96849904322158,13.065623025342347,46.11271277330645,0.24,Nguy co cao
100084,5.993777121274978,91.0021982451043,22.648637072898854,20.411738193753795,36.91887610686775,13.038692633833172,45.28880188754192,0.24,Nguy co cao
100085,15.165971220534086,82.98379410035392,22.276746082973187,18.06365909435166,30.517143366222,15.249287289284414,41.264057952180124,0.46,Nguy co cao
100086,3.893746497095816,96.53136258650449,22.7,20.732747212283346,37.220224949761565,13.015576753815004,46.435154169811675,0.23,Nguy co cao
100087,5.4830029295415725,90.04404258034351,22.32899795892015,20.780944150637353,34.7279065334376,13.899430569319076,45.58680826853854,0.27,Nguy co cao
100088,10.238289109102407,85.42280857770173,22.002126473889483,18.340965547892345,29.568363547285536,16.361468046171165,39.98689907888787,0.44,Nguy co cao
100089,5.847947048601778,93.76507763736812,22.578715414627215,20.8,37.392537510121,13.090305825223917,46.02823494757626,0.25,Nguy co cao
100090,15.07426434215747,82.00790615026354,22.15278130011282,18.186317135225835,30.516608317154304,15.45887943138161,40.628685019605996,0.46,Nguy co cao
100091,12.903988459603797,78.32000407209166,21.978034679052847,17.86195842498193,31.121113241332242,15.394865784693966,41.35388346358949,0.49,Nguy co cao
100092,6.6595984169346245,90.53533985458266,22.618670002903706,20.632161901704436,36.46880483234673,13.331887847096867,45.65825753902414,0.24,Nguy co cao
100093,4.679910878984382,94.00928995173781,22.485674685772757,20.308238264813454,36.09973881294286,13.04424634078729,45.56247148887468,0.25,Nguy co cao
100094,13.214051024623995,75.54336031448003,21.95894630935031,17.694272703792986,28.148084353795024,19.561066509309093,38.5341049928469,0.55,Nguy co cao
100095,8.674493153307996,83.62713118334871,21.82550052249599,17.32734107383846,28.802238475004994,15.054395699766074,40.065279368324504,0.47,Nguy co cao
100096,14.1078984518222,82.57292301361312,22.04070822646635,18.46016529644664,31.144542879676376,15.624674310932416,40.18494197836199,0.46,Nguy co cao
100097,12.208216860094003,80.63697856636715,21.9729054747024,18.4376881254977,30.819816701239056,15.309444695857442,40.09736781081139,0.49,Nguy co cao
100098,11.044613475706655,83.7731416283815,21.749354358883284,17.45001449446473,29.94140979267556,15.633009633297025,40.29016123949079,0.47,Nguy co cao
100099,18.73483476983524,77.92072121704949,21.723044008540885,16.754461418450774,25.040696953862664,20.66370368881409,36.34392612745275,0.72,Nguy co cao
100100,14.89868159547255,83.83925949432329,22.033569738454254,18.322240217068682,30.8692154909929,15.947735099536418,40.721617088736934,0.46,Nguy co cao
100101,5.621389803084748,97.12256332500847,22.42613181859624,20.11933625374377,35.13148002540554,13.428714282134845,45.948542123160905,0.26,Nguy co cao
100102,12.323562089032812,81.45307032083136,22.088173876665767,18.387520820580598,30.464173492465434,15.578579365514274,40.69924292480366,0.46,Nguy co cao
100103,9.74999539201961,94.91809764921746,22.40652304282641,19.924463824688686,36.10101348218073,15.762798258907715,45.09507122703263,0.35,Nguy co cao
100104,6.971246829406358,94.74874912856028,22.615721744394147,20.447688368992978,36.45907509336125,12.966066790078534,45.537907118265075,0.24,Nguy co cao
100105,9.044404513883784,83.20072222024939,21.869182389862633,17.47105900051562,29.543659603480084,15.57549337543171,39.89566025420229,0.47,Nguy co cao
100106,7.174296489918761,91.02953780609661,22.492712217077887,20.367614876209398,34.68253809391271,13.869447202114921,46.35091782255976,0.27,Nguy co cao
100107,1.443122921523302,95.44480861645708,22.506452996139416,20.424416740459694,36.69994223873847,13.463261270835332,44.8119366050695,0.26,Nguy co cao
100108,1.7729995144577844,95.1880547179161,22.39052072716994,19.95437602804791,35.531438177885136,12.889641080679027,43.932403389237805,0.18,Nguy co cao
100109,1.5025665437545448,96.58979511853325,22.7,20.8,37.5,12.59900521513943,46.5,0.23,Nguy co cao
100110,7.974808564607597,93.63724261566325,22.7,20.8,37.47187084626206,13.219740541701373,46.5,0.26,Nguy co cao
100111,13.737418574774964,82.39558464308308,22.19088174386232,18.476084059911376,30.880607244862674,15.352392909657652,41.49687301350084,0.46,Nguy co cao
100112,14.803987277297395,80.06175115324953,21.848856972584937,17.3904542400933,27.720208600237143,19.531672519067502,39.16035908083394,0.55,Nguy co cao
100113,8.557787902823996,89.75419847644025,22.389286965346585,20.1156088604073,34.23161650923228,13.707564885965313,44.5524024394935,0.27,Nguy co cao
100114,11.755586964511549,81.80689782157391,21.999225213047218,17.93056425475948,29.741066236875554,15.088303210695132,40.93821394808823,0.49,Nguy co cao
100115,13.034247070108139,80.66564691941511,21.937151466397065,17.695522119668514,31.734449228314986,15.400423895984304,41.2462598689474,0.49,Nguy co cao
100116,4.570427412149799,94.63009681356482,22.632846705185415,20.8,36.65992335431202,13.16331062370127,46.5,0.25,Nguy co cao
100117,5.329208774809874,92.85144065247762,22.51437391431835,20.616820785043377,37.5,13.888204509053578,45.46243968787414,0.25,Nguy co cao
100118,4.835105661917792,97.08729008676852,22.427295402532486,20.46011355750148,35.756913297857885,13.437383684723736,46.24516077958997,0.26,Nguy co cao
100119,16.981105924602357,77.98282436065018,22.060252006279615,17.147001813790066,28.13329455285991,17.283553533680823,40.84106896377733,0.59,Nguy co cao
100120,4.548461855590567,94.10737806004488,22.57928841983365,20.610328641308232,35.8640779841512,13.534006356775796,44.88373654682694,0.26,Nguy co cao
100121,18.608648368497704,77.77792498874454,22.079895923627863,17.353690412232357,29.536670379810836,17.846235946198956,40.35316540056878,0.59,Nguy co cao
100122,13.347259681071705,79.00543444442124,22.042709034096607,17.778082790427796,29.514883457330967,14.6927388973846,40.60603658702536,0.49,Nguy co cao
100123,10.862002121076813,83.35283458709725,21.96678637661957,18.046757601175422,28.312217931768267,15.683217892450346,40.26334470927561,0.47,Nguy co cao
100124,8.541558834895081,92.95894297142183,22.692333981134066,20.727614679577247,35.5518677319869,13.584192284738656,46.5,0.26,Nguy co cao
100125,11.640929215054552,81.24293720947985,21.90661085432979,17.91728513963516,29.166274466625396,15.823329168718116,39.36749030211621,0.47,Nguy co cao
100126,16.589185141720048,78.87400617344747,21.90960592147595,17.172514417768312,28.810300970268454,20.372323768493956,39.86988527716231,0.55,Nguy co cao
100127,3.4113088395343563,93.58035916484225,22.65853024870069,20.68412340375438,36.69734154255812,13.130374401980282,46.121303764572275,0.25,Nguy co cao
100128,12.750821870946139,81.65149556728045,21.995508433406236,17.94002967695974,30.121625674488204,15.267425417316282,40.41484241249173,0.49,Nguy co cao
100129,8.52661159199798,94.30362978945347,22.7,20.8,36.7008336241351,13.52201020275244,45.86306452325568,0.26,Nguy co cao
100130,5.695582860909361,92.42237454804527,22.691367465891126,20.29143572410307,37.06332236897667,12.981407196112924,46.5,0.26,Nguy co cao
100131,7.2460091242504205,93.2427952987914,22.677618326102017,20.8,37.5,13.869520583594431,46.5,0.26,Nguy co cao
100132,10.553519962751496,83.56505941215443,21.9036651467454,17.604166179038376,29.767416056656323,15.935891563456657,40.04029196120277,0.47,Nguy co cao
100133,11.184324465245414,91.93632582510038,22.7,20.169986318296534,36.99073995686719,13.63842229269195,46.27253287999551,0.26,Nguy co cao
100134,20.481847981997518,79.32821912105663,21.605973045769584,16.64112150016172,25.009309641419133,21.052970315849407,36.42941448290455,0.72,Nguy co cao
100135,14.098042254872238,79.9629719660883,21.998493310432675,18.12167780264954,30.357207881202537,15.326884298160696,41.46589437650154,0.49,Nguy co cao
100136,9.19324627238257,83.01882185771791,21.839055049068048,17.42525118826438,30.42258920858885,15.25704801338487,38.70567017448729,0.47,Nguy co cao
100137,14.046437145388621,82.24259459725323,22.11481576453653,18.371589092947147,30.6706439952338,15.738778630595844,40.30092840438299,0.46,Nguy co cao
100138,12.775436185482665,80.07267652144341,21.868917965723877,17.09798111456193,26.974583454790846,20.120117023226346,39.030906230690476,0.55,Nguy co cao
100139,22.105068740255895,73.27245709980957,21.703219503348038,14.780691525516055,26.27502864838969,20.473188257257288,37.59665865704756,0.74,Nguy co cao
100140,13.08707926587305,81.96456683495241,22.063770084929615,18.34080186125923,31.199687575880237,15.198858307054753,40.78158905056106,0.46,Nguy co cao
100141,12.94318407190714,81.52733324552054,21.973229911033954,18.019552437363117,31.32366572999367,15.758832650610875,39.95453798779205,0.49,Nguy co cao
100142,17.941080888476378,78.66940166018881,22.084930018083107,17.045611080237393,28.042021190961407,18.542797058468526,41.26942253324663,0.59,Nguy co cao
100143,3.6284034479283767,90.26266491932131,22.7,20.787770558885946,36.155729702063766,13.406816219726743,45.19662101475955,0.24,Nguy co cao
100144,15.975531804263161,78.09511744480722,21.94950888959749,17.810017176936626,27.859082128887117,19.96546974936627,40.574129750207135,0.55,Nguy co cao
100145,10.638289490747049,84.06081849530547,22.1462269034939,18.61750698809977,33.355682282097575,17.415602671169296,39.470933756021125,0.48,Nguy co cao
100146,11.716292037942086,83.11084481449032,22.040531733191038,18.37178239548688,30.989540724430338,15.458536998755726,40.552611430380864,0.46,Nguy co cao
100147,5.6675820103541374,88.30170508862153,22.639710784822384,20.8,36.499141375790266,13.690943683720404,46.44569458512821,0.24,Nguy co cao
100148,5.305897651205138,90.71576213747552,22.7,20.75574875945829,37.5,13.204174318741622,45.76559708474575,0.24,Nguy co cao
100149,7.517233940225666,95.21061599777025,22.49438527635542,19.999068510216933,36.32703934237059,13.21232586685156,46.5,0.24,Nguy co cao
100150,15.335666142017116,78.4349093017748,21.89195936868375,17.42465656559603,28.664714151982043,19.69524816150079,39.256240477139734,0.55,Nguy co cao
100151,16.6022083275255,78.5869571415587,21.876987420215094,17.66106110414204,27.412474456947862,19.57574942232117,38.97241478394213,0.55,Nguy co cao
100152,4.042487128560451,95.40026162433311,22.59442711406992,20.38904615931113,36.75419864214129,13.443642872507743,45.90347551608261,0.25,Nguy co cao
100153,11.459184074539703,81.88029023481867,21.905442122807305,17.478876253362625,29.415688125689005,15.660812861788198,39.635829814600974,0.47,Nguy co cao
100154,13.52918197973174,79.56138072511146,22.005190004295418,18.341974989889973,30.995075733517268,14.90555523358544,40.84254869562234,0.49,Nguy co cao
100155,16.2711989714533,78.00530555911409,21.924419336225796,17.052258308797633,28.536656972516163,19.96668167912316,39.29388583722632,0.55,Nguy co cao
100156,5.112757833395337,90.88835418434675,22.482504203470715,20.496489418385387,35.39346378653883,13.460987064083401,45.86528915306089,0.24,Nguy co cao
100157,21.13627287170862,73.37368693146938,21.770393182143028,15.672752425763061,25.559022111746714,19.622647702085075,36.039928790901115,0.74,Nguy co cao
100158,21.628301814525855,74.53726461591326,21.72879701423606,15.284097440108289,26.403016839128874,20.33632902156501,36.16539328179311,0.74,Nguy co cao
100159,6.564635885310109,91.1594888637481,22.52732555528442,20.385667271941603,36.27107334087342,12.986265790177441,46.5,0.24,Nguy co cao
100160,15.496930376857204,83.385304368674,22.113484666709983,18.14371255019066,30.712523933407148,15.249621942369911,40.95496860910578,0.46,Nguy co cao
100161,9.987699621831142,82.59654054649252,21.931861544775682,17.729476393965868,28.98292614800622,15.592657670925414,39.70863490078977,0.47,Nguy co cao
100162,9.949828555314351,93.45872537551506,22.7,20.8,36.86208361326452,13.128048338913114,45.997903144332106,0.26,Nguy co cao
100163,7.6238292928138165,92.85866503191417,22.654133605759487,20.68316937002483,36.367005222640955,12.956222655911446,45.96428833175001,0.24,Nguy co cao
100164,13.297573706406194,81.06430261590916,21.994867499126297,18.08704186340746,30.22768436212632,15.764115027658665,41.61699456733487,0.49,Nguy co cao
100165,19.44299422539991,77.39689170657812,22.076235224851704,16.809017920232563,29.242869514095467,18.298414527666267,41.31134177291601,0.59,Nguy co cao
100166,12.622068463843743,80.63196843376059,22.12150767295407,18.744681827948778,30.84385495408587,15.861893235935225,41.19340679859399,0.46,Nguy co cao
100167,9.089544909387277,94.35711097762929,22.581471391072636,20.64465666315857,36.90058549806481,13.21097303065433,45.26156301435684,0.26,Nguy co cao
100168,14.882773645965106,81.83896889200282,22.020623813350692,19.36887349812289,31.381782093035046,15.393152546844922,41.984559624194766,0.46,Nguy co cao
100169,5.151618456117788,92.42857164512812,22.571689344289293,20.341536737517814,34.19271464395902,13.463338487888715,45.80499927819812,0.26,Nguy co cao
100170,2.6918746871843124,95.83616237935084,22.599476590219233,20.792044668315825,37.5,12.797376629352424,45.92045938049004,0.25,Nguy co cao
100171,4.55967431916919,94.26044761024367,22.42170944413826,20.67725941259439,35.280017144963416,13.479422212492207,45.996475037873985,0.26,Nguy co cao
100172,21.06131994728316,78.67022332536989,22.240735772919002,17.211834190235844,29.2514476260354,17.464937403916014,40.89376985590235,0.59,Nguy co cao
100173,19.02538829275176,78.1011014165632,22.03695237485717,16.83590641179315,28.358469740251415,18.151590541089877,41.217482797854764,0.59,Nguy co cao
100174,6.489189868420943,89.28442398092237,22.301142179857802,20.432023788819208,33.26743764522492,13.53357709422015,46.264935066959325,0.27,Nguy co cao
100175,5.5986271256143905,94.63257830763364,22.627054456029732,20.8,36.69496120099455,12.741149919989729,45.95193252278594,0.25,Nguy co cao
100176,3.029803408866176,93.24981540873691,22.567811742562117,20.504632060979056,36.184918222399574,13.732721992828253,45.713385082240045,0.24,Nguy co cao
100177,10.096150129925306,92.77403493373153,22.60719341406264,20.8,35.28496602014755,13.1337774448129,45.631666543943545,0.24,Nguy co cao
100178,10.63528557291984,83.5535674012901,21.876313082674162,17.448948469198683,29.831379386880528,15.898056553834,40.56123304136151,0.47,Nguy co cao
100179,2.4996947726173198,96.78633203221929,22.7,20.8,37.5,12.815569962575077,46.5,0.23,Nguy co cao
100180,3.703107894621172,96.05541653147367,22.7,20.8,37.47689664928342,13.46266250335536,46.04979365419503,0.23,Nguy co cao
100181,13.9791314631469,80.94643471337075,22.08859394945503,18.016082677417604,31.396843182688823,15.017828095735743,40.962421382392556,0.49,Nguy co cao
100182,8.256001309456714,83.6284681052976,21.98349676496199,17.608981261154614,29.919306283141847,15.723405252865518,40.33021155114203,0.47,Nguy co cao
100183,1.0,98.0,22.161240791687916,19.549032562792224,35.77956470962882,12.050437004114222,44.106277387258814,0.16,Nguy co cao
100184,4.0459236382519554,93.46418319838378,22.509803488689652,20.696171265481734,34.66390147082558,13.537885537475344,46.5,0.26,Nguy co cao
100185,3.7508581119661204,92.96355052976078,22.383084353971384,20.669108342068203,34.283579945619024,13.39627671895374,45.12666547536899,0.26,Nguy co cao
100186,17.721429605514462,78.62119422466372,22.07182727026412,17.129734483167006,29.451656330292213,17.785672889341814,40.45652455166339,0.59,Nguy co cao
100187,20.549511920920537,72.41510632549951,21.74550354660055,15.572165501373812,25.510896705253074,20.144151318965644,37.486395796670635,0.74,Nguy co cao
100188,11.457551741846213,83.2576466436507,21.894945809289734,17.30717042930843,30.016058879556304,15.530588173057593,40.80225658460393,0.47,Nguy co cao
100189,23.48923770149304,74.30082288813362,21.669041296794447,15.641512039251811,26.151038657109865,19.34148396353832,36.93685366441487,0.74,Nguy co cao
100190,14.317683296426281,82.18625647945076,22.010146717879394,18.80596041683176,31.35223057988774,14.831570567399899,41.493805119383964,0.46,Nguy co cao
100191,22.677425158634097,72.53851042088458,21.72527006511612,15.386590800862544,26.753187579151902,19.887935191433712,36.70123361148953,0.74,Nguy co cao
100192,22.748957984416723,73.65241108012864,21.65774770440033,16.005843696372573,25.86139705817372,19.502895920125855,37.634787390916244,0.74,Nguy co cao
100193,8.73807052426223,91.74275125336989,22.7,20.8,37.26860707300465,14.103650953254302,46.2077056037581,0.26,Nguy co cao
100194,12.053397291594699,79.45371915344278,22.074168964055204,18.240494642216937,30.815393899873893,15.199028316388178,40.95240448848076,0.49,Nguy co cao
100195,5.117877975378933,90.92357928234799,22.645324212964,20.35655220295534,35.13040361088196,13.400410145199881,46.17760813152633,0.24,Nguy co cao
100196,14.9872781852224,82.55457960689475,21.976568776101683,18.305292949398325,30.643912630126895,14.938476229901044,41.46469686167543,0.49,Nguy co cao
100197,11.607627547437689,82.66180463974048,21.897753079497736,17.691217451276174,29.75012408620253,15.371692513078898,39.75923864916641,0.47,Nguy co cao
100198,17.08197508075947,81.35435106035982,21.79312914091458,17.776906779993887,28.580869846924703,19.070943826816055,38.75307964728271,0.55,Nguy co cao
100199,7.355949923179018,93.77611940433755,22.56798740714325,20.391198922541744,35.562802206795524,13.584160920575812,46.5,0.24,Nguy co cao
100200,11.478075173571952,81.03190375648587,21.843694449552416,17.662088788865862,30.101233527689118,16.076380198832368,40.401628191164434,0.47,Nguy co cao
